previous_revision,previous_poly_id,current_poly_id,retained_area_fraction,same_palette_family
5,1,1,0.935004,True
5,2,2,0.964769,True
5,3,3,0.864579,True
5,4,5,0.908152,True
5,5,4,0.91334,True
5,6,6,0.883168,True
5,8,59,0.993175,True
5,9,8,0.980738,True
5,10,7,0.95294,True
5,11,14,0.940539,True
5,12,8,0.981198,True
5,13,9,0.925882,True
5,14,10,0.943911,True
5,15,11,0.976656,True
5,16,12,0.858902,True
5,17,13,0.832983,True
5,18,14,0.956026,True
5,19,15,0.888132,True
5,21,17,0.932722,True
5,22,20,0.987569,True
5,23,18,0.904134,True
5,24,19,0.942143,True
5,25,20,0.941148,True
5,26,128,0.977104,True
5,27,21,0.916995,True
5,28,22,0.929098,True
5,29,32,0.964088,True
5,30,24,0.877172,True
5,31,26,0.907087,True
5,32,23,0.947792,True
5,33,28,0.902772,True
5,35,25,0.811377,True
5,36,26,0.991438,True
5,37,131,0.98863,True
5,38,27,0.968188,True
5,39,28,0.9897,True
5,40,103,0.965285,True
5,41,103,0.984608,True
5,42,29,0.94832,True
5,43,54,0.992361,True
5,44,269,0.953499,True
5,45,41,0.914234,True
5,46,131,0.966651,True
5,47,157,0.982713,True
5,48,269,1.0,True
5,49,109,0.98428,True
5,50,30,1.0,True
5,51,34,0.994685,True
5,52,32,0.987647,True
5,53,31,0.923299,True
5,54,34,0.98621,True
5,55,103,0.974159,True
5,57,166,0.898712,True
5,58,37,0.971278,True
5,59,54,0.967342,True
5,60,103,0.987998,True
5,61,37,0.978943,True
5,62,36,0.977648,True
5,63,35,0.899555,True
5,64,41,0.976335,True
5,65,39,0.925996,True
5,66,40,0.925134,True
5,67,50,0.974792,True
5,68,43,0.958808,True
5,69,38,0.949876,True
5,70,44,0.967293,True
5,72,106,0.968026,True
5,73,45,1.0,True
5,74,46,1.0,True
5,75,269,1.0,True
5,76,269,1.0,True
5,77,103,0.959057,True
5,78,47,0.976422,True
5,79,52,0.993265,True
5,81,50,0.997656,True
5,82,131,0.994154,True
5,83,49,0.917046,True
5,84,52,0.915781,True
5,85,131,1.0,True
5,86,52,0.965325,True
5,87,53,1.0,True
5,88,51,0.982057,True
5,90,54,0.994527,True
5,92,55,0.852642,True
5,93,56,0.877729,True
5,94,245,0.995073,True
5,95,57,1.0,True
5,96,63,0.956698,True
5,97,106,0.986046,True
5,98,60,0.92416,True
5,99,58,1.0,True
5,100,59,0.954312,True
5,101,59,0.980645,True
5,102,131,0.986809,True
5,103,95,0.98935,True
5,104,62,0.911659,True
5,105,61,0.830906,True
5,106,64,0.932626,True
5,107,63,0.856217,True
5,108,65,0.961886,True
5,109,66,0.857984,True
5,110,100,0.972305,True
5,111,106,0.98564,True
5,112,103,0.949938,True
5,113,67,1.0,True
5,114,70,0.983594,True
5,115,71,1.0,True
5,116,69,0.956822,True
5,117,72,0.948299,True
5,119,73,0.979449,True
5,121,76,0.964584,True
5,122,131,0.960029,True
5,123,75,1.0,True
5,124,90,0.923692,True
5,125,76,0.959778,True
5,126,77,0.970514,True
5,127,229,0.990026,True
5,128,103,0.960961,True
5,130,78,0.856091,True
5,131,80,0.941259,True
5,132,81,0.974928,True
5,133,100,0.949864,True
5,134,82,0.987971,True
5,135,83,1.0,True
5,136,84,0.954512,True
5,137,86,0.922432,True
5,138,103,0.962516,True
5,139,85,0.92959,True
5,140,87,0.946364,True
5,142,131,0.870855,True
5,143,88,0.977829,True
5,144,222,0.979679,True
5,146,89,0.963826,True
5,147,127,0.906054,True
5,148,108,0.951912,True
5,149,91,0.944603,True
5,150,110,0.868839,True
5,152,131,0.996569,True
5,153,92,0.848781,True
5,154,93,1.0,True
5,155,94,0.857736,True
5,156,95,0.992534,True
5,157,96,0.967921,True
5,158,98,0.985604,True
5,159,97,0.89432,True
5,160,100,0.92609,True
5,161,99,0.977566,True
5,162,101,1.0,True
5,163,131,0.943358,True
5,164,102,0.821299,True
5,165,110,0.885722,True
5,166,118,0.964551,True
5,167,103,0.965804,True
5,168,104,1.0,True
5,170,106,0.965747,True
5,171,114,0.882215,True
5,172,113,0.899596,True
5,173,108,0.987193,True
5,174,107,0.979313,True
5,175,109,0.987532,True
5,177,112,0.97908,True
5,178,245,0.996294,True
5,179,131,0.985223,True
5,180,113,0.979746,True
5,181,222,0.959227,True
5,182,114,0.956707,True
5,183,115,0.946835,True
5,184,116,1.0,True
5,185,117,0.981419,True
5,186,118,0.874819,True
5,187,119,0.910948,True
5,188,120,0.887151,True
5,190,157,0.989529,True
5,191,123,0.944754,True
5,192,121,0.865012,True
5,193,125,1.0,True
5,194,203,0.980832,True
5,195,124,0.849463,True
5,196,157,0.999977,True
5,197,126,0.96124,True
5,198,128,0.967108,True
5,199,127,0.970449,True
5,200,134,0.847462,True
5,201,130,1.0,True
5,202,129,0.860054,True
5,203,131,0.959708,True
5,204,133,0.926985,True
5,205,136,0.856332,True
5,206,134,0.912631,True
5,207,132,0.924245,True
5,208,135,0.918428,True
5,209,140,0.969199,True
5,210,136,0.872739,True
5,212,137,0.856772,True
5,213,138,0.940495,True
5,214,147,0.947321,True
5,216,140,0.971982,True
5,217,148,0.980268,True
5,218,141,0.970282,True
5,219,142,0.931588,True
5,220,139,0.811031,True
5,221,143,0.905275,True
5,222,144,0.961742,True
5,223,227,0.956163,True
5,224,245,0.998216,True
5,225,145,0.871398,True
5,226,146,0.921732,True
5,228,147,0.922945,True
5,229,149,0.938692,True
5,231,150,0.87839,True
5,232,152,0.991552,True
5,233,166,0.924181,True
5,234,151,0.965177,True
5,235,169,0.990241,True
5,236,154,0.980537,True
5,237,153,0.973355,True
5,238,155,0.993972,True
5,239,158,0.993305,True
5,240,227,0.986533,True
5,241,382,0.960339,True
5,242,227,0.99573,True
5,243,156,0.957308,True
5,244,424,0.889885,True
5,245,157,0.986466,True
5,246,159,0.958356,True
5,247,424,0.993077,True
5,248,160,0.95278,True
5,249,220,0.996618,True
5,250,382,0.993186,True
5,251,162,0.812251,True
5,252,166,0.985343,True
5,254,179,0.987787,True
5,255,163,0.968922,True
5,256,164,0.980555,True
5,257,165,0.938672,True
5,258,178,0.903704,True
5,259,166,0.971111,True
5,260,169,0.950329,True
5,261,234,0.884249,True
5,262,167,0.8929,True
5,263,171,0.944131,True
5,265,168,0.824802,True
5,266,174,0.986635,True
5,267,172,0.90476,True
5,268,179,0.940972,True
5,269,176,0.974803,True
5,270,180,0.99734,True
5,271,175,0.816425,True
5,272,177,0.97945,True
5,273,178,0.955865,True
5,274,178,0.802245,True
5,275,173,0.824681,True
5,276,180,0.960816,True
5,277,181,0.841514,True
5,278,194,0.976341,True
5,279,191,0.994459,True
5,280,182,0.967529,True
5,281,205,0.982406,True
5,283,183,0.911083,True
5,284,184,0.97865,True
5,285,424,0.958087,True
5,286,187,0.937967,True
5,287,188,0.976022,True
5,288,185,0.923126,True
5,289,195,0.911255,True
5,290,189,0.982129,True
5,291,186,0.962987,True
5,292,190,0.853608,True
5,293,206,0.955623,True
5,294,191,0.968388,True
5,295,497,0.866626,True
5,296,939,0.939873,True
5,297,192,0.804271,True
5,298,497,1.0,True
5,299,205,0.990785,True
5,301,194,0.970482,True
5,302,195,0.983997,True
5,304,243,0.966015,True
5,305,196,0.954926,True
5,306,197,0.900149,True
5,307,227,0.999881,True
5,308,198,0.869133,True
5,309,199,1.0,True
5,310,200,1.0,True
5,311,204,0.931258,True
5,312,202,0.933964,True
5,313,201,1.0,True
5,314,203,0.966582,True
5,315,939,0.999991,True
5,316,259,0.976639,True
5,317,281,0.96951,True
5,318,205,0.930859,True
5,319,207,0.914618,True
5,320,208,1.0,True
5,321,227,0.983585,True
5,322,206,0.902574,True
5,323,209,0.943571,True
5,325,210,0.986687,True
5,327,211,0.992745,True
5,329,212,0.977941,True
5,330,214,0.935644,True
5,331,234,0.963753,True
5,332,939,0.905774,True
5,333,269,0.982649,True
5,334,217,0.873728,True
5,335,215,1.0,True
5,336,216,0.99939,True
5,337,213,0.910649,True
5,338,218,1.0,True
5,339,242,0.959302,True
5,340,259,0.991394,True
5,341,219,0.818523,True
5,342,264,0.976731,True
5,343,220,0.992445,True
5,344,221,0.858084,True
5,345,222,0.969288,True
5,347,226,0.975785,True
5,348,302,0.966454,True
5,349,227,0.995867,True
5,350,229,0.994954,True
5,351,239,0.95124,True
5,353,225,0.983296,True
5,354,223,0.97933,True
5,355,228,0.876407,True
5,356,939,0.970516,True
5,357,230,0.995343,True
5,358,232,0.976712,True
5,360,231,0.941208,True
5,361,233,0.948665,True
5,362,263,0.963578,True
5,363,234,0.971667,True
5,365,236,0.986149,True
5,366,939,0.981927,True
5,367,237,0.943243,True
5,368,238,1.0,True
5,369,239,0.981974,True
5,370,397,0.952259,True
5,371,281,0.857025,True
5,372,241,0.935894,True
5,374,242,0.980849,True
5,375,243,0.972167,True
5,377,244,0.936647,True
5,378,269,0.994335,True
5,379,245,0.996384,True
5,380,322,0.987399,True
5,381,246,0.952619,True
5,382,939,0.986988,True
5,383,247,0.812621,True
5,385,249,1.0,True
5,386,250,0.998585,True
5,387,939,0.998279,True
5,388,698,0.881034,True
5,389,297,0.98342,True
5,390,252,0.941867,True
5,391,251,1.0,True
5,392,292,0.819818,True
5,393,315,0.982512,True
5,394,255,0.887932,True
5,395,256,0.986974,True
5,396,397,0.969836,True
5,397,253,0.911305,True
5,398,278,0.962073,True
5,399,257,0.999766,True
5,400,376,0.985155,True
5,401,258,0.917494,True
5,402,259,0.966491,True
5,404,261,0.909418,True
5,405,260,1.0,True
5,406,285,0.993431,True
5,407,262,0.877361,True
5,408,263,0.909132,True
5,409,265,0.986358,True
5,410,264,0.993993,True
5,411,266,0.895515,True
5,412,939,0.995947,True
5,414,267,1.0,True
5,415,268,1.0,True
5,416,271,1.0,True
5,417,269,0.977662,True
5,418,308,0.949978,True
5,419,272,1.0,True
5,420,270,0.979175,True
5,421,273,1.0,True
5,422,308,0.875196,True
5,423,424,0.985122,True
5,424,497,0.987342,True
5,425,274,0.878973,True
5,426,275,0.861415,True
5,427,276,0.985892,True
5,428,755,0.990818,True
5,429,382,0.985706,True
5,430,324,0.934623,True
5,431,294,0.896159,True
5,432,277,0.9513,True
5,433,278,0.89808,True
5,434,318,0.945403,True
5,435,279,1.0,True
5,436,282,0.998922,True
5,438,280,0.972059,True
5,439,285,0.982694,True
5,440,304,0.993746,True
5,441,281,0.973241,True
5,442,287,0.940225,True
5,443,286,0.966393,True
5,444,283,0.811571,True
5,446,289,1.0,True
5,447,290,0.979935,True
5,448,288,0.813311,True
5,449,316,0.890718,True
5,450,291,0.972556,True
5,451,324,0.935031,True
5,452,309,0.959887,True
5,453,292,0.831577,True
5,454,302,0.978904,True
5,455,294,0.892969,True
5,456,295,1.0,True
5,457,296,0.967208,True
5,458,297,0.972368,True
5,459,299,0.942082,True
5,460,320,0.988849,True
5,461,298,0.869682,True
5,462,297,0.985912,True
5,463,324,1.0,True
5,464,300,0.898515,True
5,465,301,0.980771,True
5,466,497,0.989131,True
5,467,302,0.915491,True
5,468,324,0.989981,True
5,469,330,0.94718,True
5,471,303,0.941636,True
5,473,304,0.992365,True
5,474,305,1.0,True
5,476,316,0.943232,True
5,477,307,0.925331,True
5,478,306,1.0,True
5,479,382,0.987559,True
5,480,309,0.986346,True
5,481,319,0.925889,True
5,482,437,0.977027,True
5,483,333,0.992173,True
5,484,376,0.983269,True
5,485,308,0.999079,True
5,486,315,0.946436,True
5,487,310,0.970642,True
5,488,320,0.968012,True
5,489,314,0.990119,True
5,490,313,0.97769,True
5,491,312,0.900933,True
5,492,311,0.953817,True
5,493,376,0.973096,True
5,494,316,0.996741,True
5,496,316,0.90815,True
5,497,317,0.963603,True
5,498,320,0.989124,True
5,499,319,0.93207,True
5,500,332,0.991466,True
5,501,327,0.982921,True
5,502,320,0.988164,True
5,503,321,0.974982,True
5,504,318,0.980865,True
5,505,939,0.994025,True
5,506,323,1.0,True
5,507,322,0.979486,True
5,508,492,0.99976,True
5,509,382,0.975471,True
5,510,324,0.981718,True
5,511,341,0.964283,True
5,513,356,0.96352,True
5,514,326,1.0,True
5,515,325,0.8344,True
5,516,327,0.985817,True
5,517,347,0.918791,True
5,518,328,0.85243,True
5,520,330,0.957076,True
5,521,333,0.960664,True
5,522,392,0.963173,True
5,523,338,0.991117,True
5,524,345,0.953962,True
5,525,939,0.99689,True
5,526,497,0.992367,True
5,527,339,0.981036,True
5,528,382,0.99918,True
5,529,332,0.989763,True
5,530,336,0.942712,True
5,531,939,0.91189,True
5,533,375,0.965856,True
5,534,335,0.972924,True
5,535,334,0.903984,True
5,536,939,0.999646,True
5,537,393,0.888834,True
5,538,376,0.989914,True
5,539,369,0.940383,True
5,540,356,0.940883,True
5,541,336,0.876322,True
5,542,337,0.992873,True
5,543,338,0.974744,True
5,544,372,0.866326,True
5,545,340,0.91613,True
5,546,343,0.820043,True
5,547,341,0.922369,True
5,548,688,0.993998,True
5,549,339,0.940067,True
5,550,342,0.886105,True
5,552,343,0.961511,True
5,553,343,0.820458,True
5,554,346,0.940384,True
5,555,375,1.0,True
5,556,348,0.962654,True
5,557,345,0.928646,True
5,558,344,0.925909,True
5,559,347,0.974749,True
5,560,357,0.945684,True
5,561,416,0.998891,True
5,562,349,1.0,True
5,563,351,0.98666,True
5,564,350,0.98132,True
5,565,352,0.882346,True
5,566,435,0.990855,True
5,567,357,0.977032,True
5,568,353,0.906468,True
5,569,355,0.964903,True
5,570,698,0.98201,True
5,571,354,0.841757,True
5,572,375,0.96922,True
5,573,356,0.969971,True
5,574,357,0.923396,True
5,575,505,0.983262,True
5,576,358,1.0,True
5,577,359,0.976001,True
5,578,360,0.996887,True
5,579,450,0.977357,True
5,580,384,0.890947,True
5,581,362,0.901405,True
5,582,437,0.986848,True
5,583,361,0.825079,True
5,584,364,0.97006,True
5,585,366,0.952458,True
5,588,393,0.917983,True
5,589,368,0.813556,True
5,591,367,0.928051,True
5,592,371,0.950469,True
5,593,369,0.97803,True
5,595,375,0.984651,True
5,596,370,0.913154,True
5,597,386,0.951869,True
5,598,374,0.968551,True
5,599,372,0.981705,True
5,600,435,0.997847,True
5,601,373,0.841511,True
5,602,376,0.992517,True
5,603,378,0.94408,True
5,604,379,0.952007,True
5,605,939,0.939151,True
5,606,377,0.984197,True
5,607,381,0.824838,True
5,608,584,1.0,True
5,609,380,0.89492,True
5,610,384,0.89509,True
5,611,405,0.847518,True
5,612,382,0.949464,True
5,613,385,0.892946,True
5,614,388,0.931184,True
5,615,383,0.878966,True
5,616,387,0.896931,True
5,617,386,0.946106,True
5,618,410,0.834216,True
5,619,425,0.973367,True
5,620,392,0.978394,True
5,621,393,0.997721,True
5,622,392,0.924808,True
5,624,497,0.959912,True
5,625,390,0.970151,True
5,626,391,0.89872,True
5,628,394,0.974795,True
5,629,393,0.994108,True
5,630,396,0.974793,True
5,631,395,0.85781,True
5,632,412,0.903816,True
5,633,411,1.0,True
5,634,401,0.947195,True
5,635,398,0.829908,True
5,636,400,0.957922,True
5,637,402,0.960159,True
5,638,397,0.984895,True
5,640,403,0.908274,True
5,641,404,0.986202,True
5,642,497,0.992631,True
5,643,499,0.944656,True
5,644,407,0.916795,True
5,645,410,0.986966,True
5,646,405,0.979418,True
5,647,510,0.963364,True
5,648,408,0.942544,True
5,649,406,0.983983,True
5,650,409,0.898017,True
5,651,939,0.963079,True
5,652,413,0.934265,True
5,653,412,0.966393,True
5,654,411,0.878737,True
5,655,417,0.840037,True
5,657,584,0.996443,True
5,658,499,0.996459,True
5,659,414,0.987671,True
5,660,418,0.82689,True
5,661,422,0.95704,True
5,662,415,0.909055,True
5,663,419,0.941305,True
5,665,416,0.965621,True
5,667,420,0.964339,True
5,668,499,0.959319,True
5,670,420,0.917176,True
5,672,424,0.99336,True
5,673,939,0.978666,True
5,674,426,0.8288,True
5,675,425,0.96906,True
5,677,428,0.981063,True
5,678,430,0.976165,True
5,679,477,0.988894,True
5,680,510,0.917443,True
5,681,499,0.958646,True
5,682,429,0.940325,True
5,683,431,0.891877,True
5,684,432,0.95694,True
5,685,433,0.928728,True
5,687,881,1.0,True
5,688,436,1.0,True
5,689,435,0.984522,True
5,690,437,0.966593,True
5,691,939,0.945216,True
5,692,439,0.827289,True
5,693,438,0.94918,True
5,694,939,0.921998,True
5,695,440,0.917875,True
5,696,441,0.963225,True
5,697,444,0.972032,True
5,698,446,0.802634,True
5,699,442,0.923945,True
5,700,483,0.985701,True
5,701,443,0.983147,True
5,702,538,0.879275,True
5,703,445,0.908131,True
5,704,698,0.957671,True
5,705,447,1.0,True
5,706,499,0.864017,True
5,707,448,0.984145,True
5,708,601,0.88399,True
5,709,449,0.912738,True
5,710,450,0.955941,True
5,711,453,0.974118,True
5,712,451,0.999593,True
5,713,450,0.968329,True
5,714,455,0.897486,True
5,715,452,0.978568,True
5,716,454,0.951218,True
5,717,483,0.972728,True
5,718,456,0.960998,True
5,719,457,0.872407,True
5,720,640,0.992074,True
5,721,640,0.988644,True
5,722,538,1.0,True
5,723,461,0.976904,True
5,724,462,0.976314,True
5,725,458,0.915476,True
5,726,459,0.939352,True
5,727,698,0.989911,True
5,728,464,0.961362,True
5,729,460,0.88973,True
5,730,465,0.941,True
5,731,467,0.980405,True
5,732,468,0.987626,True
5,734,538,1.0,True
5,735,469,0.976755,True
5,736,466,0.88215,True
5,737,470,0.860521,True
5,738,471,0.980947,True
5,739,472,0.905923,True
5,741,475,0.974478,True
5,743,473,0.901631,True
5,746,477,0.923784,True
5,747,479,0.886706,True
5,749,483,0.977691,True
5,750,480,0.847491,True
5,751,538,1.0,True
5,752,481,0.954148,True
5,753,538,0.987176,True
5,754,499,0.982675,True
5,755,482,0.943861,True
5,756,486,0.975785,True
5,757,485,0.989,True
5,758,881,0.812925,True
5,759,511,0.890527,True
5,760,490,0.983805,True
5,761,487,0.955905,True
5,762,484,0.969198,True
5,763,881,0.986742,True
5,764,525,0.925102,True
5,765,488,0.951425,True
5,766,489,0.982552,True
5,767,527,0.951901,True
5,768,492,0.972943,True
5,769,939,0.886009,True
5,770,1144,0.946832,True
5,771,493,0.95982,True
5,772,495,0.975151,True
5,773,491,0.977072,True
5,774,494,0.838036,True
5,775,536,0.973389,True
5,776,516,0.846507,True
5,778,640,0.991332,True
5,779,498,0.925818,True
5,780,499,0.954853,True
5,782,497,0.99404,True
5,783,500,0.932993,True
5,784,501,0.995062,True
5,785,502,0.909242,True
5,786,505,0.990926,True
5,787,503,0.998975,True
5,788,542,0.974106,True
5,789,669,0.884705,True
5,790,504,0.86904,True
5,791,506,0.851281,True
5,792,510,0.962246,True
5,793,510,0.995878,True
5,794,939,0.993206,True
5,795,512,0.948353,True
5,796,511,0.997537,True
5,797,509,0.94499,True
5,798,515,0.883085,True
5,799,508,0.907152,True
5,801,513,0.948007,True
5,802,565,0.893131,True
5,803,514,0.882633,True
5,804,517,0.924767,True
5,806,516,0.903403,True
5,807,698,0.906765,True
5,808,519,0.948605,True
5,809,543,0.945258,True
5,810,521,0.916925,True
5,811,577,0.998771,True
5,812,518,0.804729,True
5,813,524,0.987177,True
5,815,523,0.951945,True
5,816,527,0.867229,True
5,817,526,0.83677,True
5,818,522,0.829302,True
5,819,563,0.997232,True
5,821,525,0.846005,True
5,822,528,0.968392,True
5,823,530,0.803472,True
5,824,542,0.910168,True
5,825,881,1.0,True
5,826,529,0.902069,True
5,827,545,0.954144,True
5,828,544,0.86784,True
5,829,531,0.858064,True
5,830,533,0.837487,True
5,832,586,0.972969,True
5,833,532,0.934622,True
5,834,558,0.932337,True
5,837,535,0.93378,True
5,838,536,0.973798,True
5,839,939,0.8827,True
5,841,537,1.0,True
5,842,544,0.853483,True
5,843,795,0.962416,True
5,844,543,0.933874,True
5,845,540,0.94138,True
5,846,538,0.986848,True
5,847,577,0.981724,True
5,848,539,0.94177,True
5,849,541,0.992167,True
5,850,549,0.970118,True
5,851,545,0.979465,True
5,852,544,0.80221,True
5,853,542,0.926885,True
5,854,546,0.954587,True
5,855,550,0.919332,True
5,856,551,0.834099,True
5,857,548,0.847141,True
5,858,547,0.913296,True
5,859,601,0.947785,True
5,860,552,0.962915,True
5,861,553,0.975377,True
5,863,617,0.945073,True
5,864,567,0.952341,True
5,865,559,0.957163,True
5,866,555,0.983033,True
5,867,557,0.904718,True
5,868,554,0.932869,True
5,869,720,0.972225,True
5,870,558,0.970721,True
5,872,1144,1.0,True
5,873,698,0.942261,True
5,874,560,0.973353,True
5,875,581,0.992461,True
5,877,576,0.941141,True
5,878,561,0.902261,True
5,879,586,0.988341,True
5,880,563,0.993046,True
5,882,577,0.920282,True
5,884,562,0.955935,True
5,885,564,0.987193,True
5,886,648,0.992652,True
5,888,565,0.950927,True
5,889,567,0.900026,True
5,890,881,0.946858,True
5,893,569,0.972992,True
5,894,587,0.973792,True
5,895,584,0.988832,True
5,896,688,0.98028,True
5,897,581,0.938879,True
5,898,571,0.97076,True
5,899,572,0.884353,True
5,900,573,0.924532,True
5,901,574,0.97581,True
5,903,577,0.97778,True
5,904,575,0.958938,True
5,905,795,0.972604,True
5,906,576,0.971413,True
5,907,795,0.987906,True
5,908,590,0.976341,True
5,909,586,0.996808,True
5,910,688,0.989332,True
5,911,617,0.996004,True
5,913,640,0.989966,True
5,915,698,0.976986,True
5,916,584,0.998525,True
5,917,581,0.887179,True
5,918,669,0.85132,True
5,919,584,0.977262,True
5,920,588,0.926032,True
5,921,580,1.0,True
5,922,593,0.965425,True
5,923,579,0.885858,True
5,924,582,0.884604,True
5,925,584,0.973254,True
5,926,640,0.979368,True
5,927,939,0.97842,True
5,928,617,0.814437,True
5,929,585,0.987824,True
5,930,881,0.951565,True
5,933,648,0.97958,True
5,935,587,0.860099,True
5,937,586,0.855264,True
5,938,589,0.937599,True
5,940,593,0.923163,True
5,941,592,0.871804,True
5,943,821,0.939361,True
5,944,629,0.840345,True
5,945,619,1.0,True
5,946,596,0.936962,True
5,947,821,0.977116,True
5,948,597,0.933119,True
5,951,602,0.96503,True
5,952,600,0.829547,True
5,953,603,0.982817,True
5,954,601,0.984436,True
5,956,599,0.962382,True
5,957,688,0.970458,True
5,958,795,0.954972,True
5,959,607,0.949673,True
5,960,606,0.921699,True
5,961,608,0.870601,True
5,962,881,0.945153,True
5,963,609,0.964071,True
5,964,610,0.923687,True
5,965,611,0.979557,True
5,966,612,0.895143,True
5,967,613,1.0,True
5,968,614,0.96821,True
5,969,615,0.930455,True
5,970,755,0.998812,True
5,971,677,0.973066,True
5,972,616,0.969262,True
5,973,939,0.986173,True
5,974,648,0.914053,True
5,975,648,0.964356,True
5,976,636,0.955582,True
5,977,821,0.981737,True
5,979,652,0.978372,True
5,981,617,0.965265,True
5,982,618,0.996504,True
5,983,619,0.976539,True
5,984,631,0.959758,True
5,985,688,0.9799,True
5,987,620,0.983073,True
5,988,622,0.976562,True
5,989,621,0.912667,True
5,990,698,0.947955,True
5,991,652,0.961652,True
5,992,641,0.996817,True
5,993,623,0.959484,True
5,994,639,0.857088,True
5,995,624,0.868533,True
5,996,626,0.969613,True
5,997,625,0.955755,True
5,998,628,0.896708,True
5,999,629,0.972452,True
5,1000,627,0.855492,True
5,1001,630,0.86354,True
5,1002,631,0.824283,True
5,1003,633,0.899735,True
5,1004,636,0.968687,True
5,1005,632,0.981342,True
5,1006,635,0.958582,True
5,1007,634,0.962909,True
5,1008,677,0.999399,True
5,1009,640,0.990957,True
5,1010,637,0.811982,True
5,1011,640,0.972643,True
5,1012,641,0.891532,True
5,1013,638,0.907628,True
5,1015,642,0.956267,True
5,1016,643,0.934071,True
5,1017,645,0.942279,True
5,1018,652,0.986211,True
5,1019,646,0.947337,True
5,1020,644,0.897859,True
5,1023,648,0.98713,True
5,1024,754,0.952445,True
5,1025,698,0.955125,True
5,1026,649,0.858998,True
5,1027,653,0.895521,True
5,1028,652,0.994753,True
5,1029,651,0.983402,True
5,1030,650,0.901428,True
5,1031,709,0.975537,True
5,1032,671,0.99638,True
5,1033,654,0.985987,True
5,1034,755,1.0,True
5,1035,655,0.991872,True
5,1036,657,0.960086,True
5,1037,656,0.961603,True
5,1039,665,0.97392,True
5,1040,708,0.983392,True
5,1041,659,0.858098,True
5,1042,675,0.957251,True
5,1043,660,0.942021,True
5,1044,661,0.89737,True
5,1045,676,0.992777,True
5,1046,662,0.972825,True
5,1047,663,0.950935,True
5,1048,669,0.982587,True
5,1049,668,0.95077,True
5,1050,665,0.979159,True
5,1051,667,0.855513,True
5,1052,666,0.971076,True
5,1053,670,0.995857,True
5,1054,664,0.869799,True
5,1055,671,0.987865,True
5,1056,672,0.932996,True
5,1057,673,0.976673,True
5,1058,693,1.0,True
5,1059,693,0.981313,True
5,1060,674,0.860676,True
5,1061,759,0.911622,True
5,1062,675,0.977484,True
5,1063,676,0.966366,True
5,1064,864,0.919387,True
5,1065,694,0.831455,True
5,1066,678,0.870829,True
5,1067,709,0.979387,True
5,1068,677,0.990173,True
5,1069,679,0.952504,True
5,1072,693,0.9054,True
5,1073,681,0.932534,True
5,1075,684,0.975328,True
5,1076,683,0.973924,True
5,1077,682,0.90607,True
5,1078,686,0.980619,True
5,1079,916,0.986878,True
5,1081,688,0.995197,True
5,1083,694,0.974193,True
5,1084,689,0.964572,True
5,1085,690,0.841641,True
5,1087,916,0.913073,True
5,1088,821,0.949252,True
5,1089,693,0.91014,True
5,1090,695,0.979596,True
5,1091,691,0.89386,True
5,1092,694,0.843528,True
5,1093,696,1.0,True
5,1094,697,0.99128,True
5,1095,698,0.962738,True
5,1096,821,0.970231,True
5,1097,699,0.820201,True
5,1098,702,0.963552,True
5,1099,700,0.959922,True
5,1100,702,1.0,True
5,1101,703,0.933483,True
5,1102,704,0.887138,True
5,1103,705,1.0,True
5,1104,701,0.942143,True
5,1105,707,1.0,True
5,1106,706,0.979392,True
5,1108,918,0.989367,True
5,1110,708,0.973864,True
5,1111,710,0.978885,True
5,1112,713,0.949006,True
5,1113,709,0.980921,True
5,1114,712,0.970581,True
5,1115,711,0.883758,True
5,1116,730,0.977577,True
5,1117,714,0.90691,True
5,1118,752,0.993371,True
5,1119,716,0.973856,True
5,1120,720,0.98821,True
5,1122,719,0.963045,True
5,1123,718,0.983403,True
5,1124,715,0.921198,True
5,1125,746,0.937514,True
5,1127,767,0.980524,True
5,1128,801,1.0,True
5,1129,741,1.0,True
5,1131,801,1.0,True
5,1133,723,0.963543,True
5,1134,722,0.8764,True
5,1135,741,0.988035,True
5,1136,724,0.976895,True
5,1137,725,0.981821,True
5,1138,726,0.968326,True
5,1141,881,0.985038,True
5,1143,759,0.985366,True
5,1144,752,0.904131,True
5,1145,750,0.976712,True
5,1146,729,0.967384,True
5,1147,728,0.887038,True
5,1148,730,0.884279,True
5,1149,732,0.974752,True
5,1150,731,0.893868,True
5,1151,753,0.848822,True
5,1152,838,0.949146,True
5,1153,733,0.871272,True
5,1154,735,0.938232,True
5,1155,734,0.95729,True
5,1156,737,0.971442,True
5,1157,739,0.978336,True
5,1158,736,0.964703,True
5,1159,740,0.862594,True
5,1160,738,0.941944,True
5,1161,864,1.0,True
5,1162,746,0.983717,True
5,1163,742,0.991356,True
5,1164,743,0.991306,True
5,1166,750,0.985093,True
5,1167,745,0.936218,True
5,1168,939,0.889653,True
5,1169,744,0.959153,True
5,1170,748,0.841114,True
5,1171,821,0.990261,True
5,1172,749,0.980853,True
5,1173,752,0.979577,True
5,1174,821,0.967463,True
5,1175,751,0.836603,True
5,1176,821,1.0,True
5,1177,747,0.867553,True
5,1178,753,0.934161,True
5,1179,755,0.994463,True
5,1181,754,0.984821,True
5,1182,756,0.935578,True
5,1183,757,0.980691,True
5,1184,759,0.925328,True
5,1186,758,0.897841,True
5,1187,761,0.998235,True
5,1189,881,0.8649,True
5,1190,821,1.0,True
5,1191,762,0.83474,True
5,1192,767,0.960743,True
5,1193,1177,0.983703,True
5,1194,1324,1.0,True
5,1195,765,0.930158,True
5,1196,763,0.930545,True
5,1197,766,1.0,True
5,1198,764,0.945246,True
5,1199,768,0.923279,True
5,1200,769,0.938501,True
5,1201,770,0.931317,True
5,1202,1324,0.886574,True
5,1203,771,0.899083,True
5,1204,772,0.978855,True
5,1205,798,0.938128,True
5,1207,773,1.0,True
5,1208,774,0.937116,True
5,1209,939,0.99008,True
5,1210,776,0.99972,True
5,1211,775,0.941404,True
5,1212,795,0.990697,True
5,1215,821,0.9603,True
5,1216,918,0.953136,True
5,1217,1324,0.978114,True
5,1219,1177,0.869736,True
5,1220,933,0.934135,True
5,1221,778,1.0,True
5,1222,841,0.984331,True
5,1223,939,0.988105,True
5,1224,782,0.990349,True
5,1225,888,0.976356,True
5,1226,1324,0.961058,True
5,1227,1177,1.0,True
5,1228,779,0.958657,True
5,1229,781,0.936384,True
5,1230,783,0.985826,True
5,1231,883,0.95239,True
5,1232,785,1.0,True
5,1233,786,0.887814,True
5,1235,793,0.985078,True
5,1236,787,1.0,True
5,1237,801,0.990788,True
5,1238,784,0.881221,True
5,1239,788,1.0,True
5,1240,918,0.972495,True
5,1241,905,0.810859,True
5,1242,821,0.884307,True
5,1243,789,1.0,True
5,1244,910,0.980189,True
5,1245,883,0.939232,True
5,1247,791,0.995752,True
5,1248,790,0.974034,True
5,1249,1324,0.923127,True
5,1250,922,0.989548,True
5,1251,881,0.915099,True
5,1252,794,0.983518,True
5,1253,798,0.958337,True
5,1254,795,0.999566,True
5,1255,792,0.940286,True
5,1256,808,0.96883,True
5,1257,796,0.916797,True
5,1258,841,0.98673,True
5,1259,799,0.869453,True
5,1260,797,1.0,True
5,1261,793,0.934694,True
5,1262,821,0.931936,True
5,1263,1177,0.978743,True
5,1265,796,0.934598,True
5,1267,800,0.999811,True
5,1268,801,0.995178,True
5,1269,803,0.989248,True
5,1270,802,0.9016,True
5,1271,804,0.978208,True
5,1272,822,0.925425,True
5,1273,808,0.992042,True
5,1274,1177,0.887717,True
5,1275,805,0.857104,True
5,1276,806,0.917377,True
5,1277,807,0.993958,True
5,1278,905,0.825399,True
5,1280,809,0.916017,True
5,1281,810,0.884384,True
5,1282,811,1.0,True
5,1283,812,0.976839,True
5,1284,813,0.9502,True
5,1285,814,0.890165,True
5,1286,815,0.917295,True
5,1287,816,0.926845,True
5,1288,871,0.954014,True
5,1289,841,0.978028,True
5,1290,915,0.891355,True
5,1291,817,1.0,True
5,1292,818,1.0,True
5,1293,918,0.972873,True
5,1294,820,0.980338,True
5,1295,822,0.957894,True
5,1296,821,0.955139,True
5,1297,819,0.853693,True
5,1298,824,0.953495,True
5,1299,823,0.948639,True
5,1300,849,0.989974,True
5,1301,825,0.975549,True
5,1302,826,0.967669,True
5,1303,1001,0.930096,True
5,1304,846,0.942095,True
5,1305,829,0.881906,True
5,1306,939,0.981015,True
5,1307,837,0.934786,True
5,1308,843,0.998016,True
5,1309,832,0.875583,True
5,1310,854,0.986237,True
5,1311,827,0.916655,True
5,1312,888,0.994518,True
5,1313,916,0.982386,True
5,1315,922,0.995794,True
5,1316,904,0.878184,True
5,1317,888,0.989895,True
5,1318,831,0.866288,True
5,1319,838,0.921159,True
5,1320,828,0.834591,True
5,1321,835,0.954124,True
5,1322,834,0.984425,True
5,1323,830,0.956992,True
5,1324,839,0.954861,True
5,1325,840,0.969466,True
5,1326,836,0.984496,True
5,1327,881,0.99141,True
5,1328,888,0.950317,True
5,1329,841,0.984671,True
5,1330,842,0.977765,True
5,1331,922,0.865841,True
5,1332,843,0.984153,True
5,1333,888,0.995605,True
5,1334,864,0.956705,True
5,1335,1035,0.932573,True
5,1336,844,0.956855,True
5,1337,845,0.948059,True
5,1338,851,0.997208,True
5,1339,971,0.991125,True
5,1340,877,0.981264,True
5,1341,875,0.968966,True
5,1342,849,0.991708,True
5,1343,847,0.915886,True
5,1344,848,0.976408,True
5,1345,846,0.873104,True
5,1346,851,0.981233,True
5,1347,881,0.968282,True
5,1348,853,0.988727,True
5,1350,854,0.994617,True
5,1351,855,1.0,True
5,1352,856,0.950423,True
5,1353,910,0.981705,True
5,1354,858,0.907992,True
5,1355,852,0.969423,True
5,1356,867,0.989236,True
5,1358,915,0.871465,True
5,1359,933,0.973863,True
5,1360,910,0.946252,True
5,1361,875,0.921826,True
5,1362,862,1.0,True
5,1363,879,0.979393,True
5,1365,863,1.0,True
5,1366,860,0.878394,True
5,1367,861,0.898771,True
5,1368,1144,0.992476,True
5,1369,864,0.983708,True
5,1370,866,0.942358,True
5,1371,865,0.870496,True
5,1372,869,0.944225,True
5,1373,868,1.0,True
5,1374,888,0.987468,True
5,1375,867,0.953485,True
5,1376,870,1.0,True
5,1377,871,0.944182,True
5,1378,873,0.988401,True
5,1379,872,0.953979,True
5,1380,876,0.991002,True
5,1381,875,0.986806,True
5,1382,874,0.832544,True
5,1383,877,0.938621,True
5,1384,879,0.827224,True
5,1386,878,0.884719,True
5,1387,881,0.98505,True
5,1388,880,0.849459,True
5,1389,884,1.0,True
5,1390,886,1.0,True
5,1391,885,0.863507,True
5,1392,883,0.954086,True
5,1393,882,0.816287,True
5,1395,888,0.989279,True
5,1396,887,0.980003,True
5,1397,913,0.953506,True
5,1398,916,1.0,True
5,1399,890,0.968677,True
5,1400,889,0.973339,True
5,1401,892,0.971735,True
5,1402,891,1.0,True
5,1403,893,0.830916,True
5,1404,933,0.989665,True
5,1405,894,1.0,True
5,1406,896,1.0,True
5,1407,899,0.97007,True
5,1408,897,0.987442,True
5,1409,898,1.0,True
5,1410,895,0.892465,True
5,1411,900,0.916742,True
5,1412,901,0.919465,True
5,1413,1324,0.975187,True
5,1414,990,0.991155,True
5,1415,937,0.962237,True
5,1416,902,0.959712,True
5,1417,970,0.987495,True
5,1418,904,0.988726,True
5,1419,1036,0.984259,True
5,1420,939,0.921508,True
5,1421,903,0.852359,True
5,1422,905,0.990991,True
5,1423,906,0.957579,True
5,1424,907,0.815988,True
5,1425,916,0.988799,True
5,1426,917,0.939072,True
5,1427,909,0.880054,True
5,1428,929,0.992167,True
5,1429,911,0.95899,True
5,1430,908,0.803108,True
5,1431,913,0.95004,True
5,1432,914,0.95102,True
5,1433,910,0.9837,True
5,1435,949,0.98608,True
5,1436,916,0.936756,True
5,1437,918,0.976132,True
5,1438,915,0.981274,True
5,1439,960,0.879475,True
5,1440,920,0.940722,True
5,1441,921,1.0,True
5,1442,943,0.98661,True
5,1443,919,0.947088,True
5,1444,1324,0.979076,True
5,1445,923,1.0,True
5,1446,922,0.97483,True
5,1447,924,0.962908,True
5,1448,925,0.850327,True
5,1449,926,0.942717,True
5,1450,927,0.896618,True
5,1451,928,0.899918,True
5,1452,934,0.983466,True
5,1453,958,0.963604,True
5,1454,929,0.858196,True
5,1455,930,0.911634,True
5,1456,931,0.904232,True
5,1458,985,0.965356,True
5,1459,936,0.985214,True
5,1460,990,0.885662,True
5,1461,934,0.847278,True
5,1462,935,0.868523,True
5,1463,933,0.972929,True
5,1464,938,1.0,True
5,1465,937,0.960742,True
5,1466,940,0.935307,True
5,1467,941,0.879822,True
5,1468,939,0.985462,True
5,1470,942,0.872505,True
5,1471,943,0.97314,True
5,1473,947,0.861967,True
5,1474,945,0.987355,True
5,1475,1093,0.986458,True
5,1476,946,0.890051,True
5,1477,948,0.942795,True
5,1478,949,0.95235,True
5,1479,956,0.983016,True
5,1480,958,0.909382,True
5,1481,951,1.0,True
5,1482,950,0.876949,True
5,1483,952,0.952354,True
5,1484,958,0.958132,True
5,1485,973,0.811984,True
5,1487,956,0.933109,True
5,1489,957,0.986092,True
5,1490,958,0.993143,True
5,1491,960,0.979171,True
5,1492,959,0.960256,True
5,1494,970,0.991388,True
5,1495,1001,1.0,True
5,1497,961,0.85251,True
5,1498,1177,0.975692,True
5,1499,1144,0.981215,True
5,1500,967,0.982934,True
5,1502,973,0.987684,True
5,1503,990,0.992214,True
5,1504,964,0.927888,True
5,1505,1036,0.945,True
5,1506,965,0.853221,True
5,1507,963,0.932338,True
5,1508,991,0.969535,True
5,1509,966,0.94666,True
5,1510,968,0.950362,True
5,1511,1393,0.988931,True
5,1512,969,0.91195,True
5,1513,970,0.963203,True
5,1514,971,0.987247,True
5,1515,974,0.976231,True
5,1516,976,0.939675,True
5,1517,975,0.940323,True
5,1518,980,0.983623,True
5,1519,977,0.935573,True
5,1520,979,0.893141,True
5,1521,972,0.910219,True
5,1522,981,1.0,True
5,1523,983,0.97637,True
5,1524,982,0.993353,True
5,1525,978,0.932446,True
5,1526,985,0.991498,True
5,1527,1144,0.987873,True
5,1528,987,0.981565,True
5,1529,1075,0.823763,True
5,1530,986,0.966627,True
5,1531,984,0.961802,True
5,1532,1029,0.812696,True
5,1533,1020,0.82764,True
5,1534,1144,0.9894,True
5,1535,988,0.966568,True
5,1536,997,0.928848,True
5,1537,989,0.968566,True
5,1538,990,0.971517,True
5,1539,992,0.905543,True
5,1540,991,0.986232,True
5,1541,993,0.838052,True
5,1542,994,0.991168,True
5,1543,1019,0.99576,True
5,1544,1020,0.983996,True
5,1545,995,1.0,True
5,1546,996,0.945739,True
5,1547,1177,0.984516,True
5,1548,997,0.96251,True
5,1549,998,1.0,True
5,1550,999,0.986448,True
5,1551,1000,0.867152,True
5,1552,1001,0.981609,True
5,1553,1075,0.963935,True
5,1554,1324,0.9786,True
5,1557,1324,0.993101,True
5,1558,1003,0.933346,True
5,1559,1002,0.957155,True
5,1560,1004,0.966938,True
5,1561,1006,0.913317,True
5,1562,1005,0.983723,True
5,1563,1020,0.983417,True
5,1564,1008,0.994658,True
5,1565,1009,1.0,True
5,1566,1007,0.988381,True
5,1567,1354,0.986481,True
5,1568,1011,0.866896,True
5,1569,1012,0.995684,True
5,1570,1010,0.921605,True
5,1571,1023,0.968078,True
5,1572,1013,1.0,True
5,1574,1014,0.826263,True
5,1575,1026,0.970878,True
5,1576,1017,0.961808,True
5,1577,1035,0.993822,True
5,1578,1020,0.978246,True
5,1579,1015,0.991317,True
5,1580,1016,0.973768,True
5,1581,1018,0.940718,True
5,1582,1021,0.95674,True
5,1583,1022,0.87756,True
5,1584,1019,0.982976,True
5,1585,1042,0.960621,True
5,1586,1075,0.996656,True
5,1587,1023,0.963611,True
5,1588,1075,1.0,True
5,1589,1024,1.0,True
5,1590,1027,0.930368,True
5,1591,1026,0.958269,True
5,1592,1025,0.899374,True
5,1593,1028,0.973007,True
5,1594,1354,0.994749,True
5,1595,1029,0.959672,True
5,1596,1324,0.979643,True
5,1597,1031,0.976799,True
5,1598,1030,0.993544,True
5,1599,1033,0.989809,True
5,1600,1032,0.933001,True
5,1602,1035,0.967973,True
5,1603,1038,0.888635,True
5,1604,1075,0.979783,True
5,1605,1036,0.985112,True
5,1609,1354,0.994959,True
5,1610,1040,0.974178,True
5,1612,1041,1.0,True
5,1613,1042,0.95938,True
5,1618,1047,0.810519,True
5,1620,1048,1.0,True
5,1621,1049,1.0,True
5,1622,1051,0.941233,True
5,1623,1050,0.876357,True
5,1624,1056,0.909599,True
5,1625,1144,0.973593,True
5,1626,1354,0.927699,True
5,1627,1053,0.900448,True
5,1628,1068,0.987057,True
5,1629,1054,0.967682,True
5,1630,1056,0.955914,True
5,1631,1052,0.952803,True
5,1632,1057,0.955634,True
5,1633,1069,0.997347,True
5,1634,1136,0.989203,True
5,1635,1099,0.983236,True
5,1636,1058,0.976823,True
5,1637,1059,0.84522,True
5,1638,1354,0.997575,True
5,1640,1061,0.996114,True
5,1641,1153,0.955444,True
5,1642,1060,0.817082,True
5,1643,1062,0.99505,True
5,1644,1073,0.910942,True
5,1645,1079,0.952084,True
5,1647,1105,0.943475,True
5,1648,1107,0.938251,True
5,1649,1064,0.985993,True
5,1650,1063,0.99574,True
5,1651,1066,0.918554,True
5,1652,1067,0.981571,True
5,1653,1065,0.962067,True
5,1654,1158,0.926464,True
5,1655,1069,0.988259,True
5,1656,1068,0.966555,True
5,1657,1093,0.808796,True
5,1658,1109,0.950906,True
5,1659,1183,0.997778,True
5,1660,1354,0.984353,True
5,1663,1072,0.891719,True
5,1664,1083,0.988586,True
5,1665,1073,0.944139,True
5,1666,1354,0.994846,True
5,1667,1093,0.955998,True
5,1668,1074,0.822941,True
5,1669,1077,0.98632,True
5,1670,1078,0.920021,True
5,1671,1076,0.974174,True
5,1672,1079,0.991488,True
5,1673,1075,0.971713,True
5,1674,1182,0.970479,True
5,1675,1081,0.897633,True
5,1676,1082,0.975593,True
5,1677,1084,0.82928,True
5,1678,1080,0.839374,True
5,1679,1085,0.88592,True
5,1680,1086,0.959432,True
5,1681,1087,0.94496,True
5,1682,1354,0.997676,True
5,1683,1183,0.99933,True
5,1684,1119,0.95058,True
5,1685,1089,0.816151,True
5,1686,1088,0.897428,True
5,1687,1094,0.967651,True
5,1688,1093,0.974953,True
5,1689,1091,1.0,True
5,1691,1090,0.85258,True
5,1692,1158,0.947473,True
5,1693,1096,1.0,True
5,1694,1097,0.996151,True
5,1695,1100,0.826911,True
5,1697,1098,0.965223,True
5,1698,1104,0.884079,True
5,1699,1095,0.87203,True
5,1701,1102,0.89519,True
5,1702,1107,0.979936,True
5,1703,1099,0.927117,True
5,1704,1103,0.911876,True
5,1705,1105,0.969878,True
5,1706,1144,0.903692,True
5,1708,1269,0.94797,True
5,1709,1113,0.960901,True
5,1710,1106,0.912055,True
5,1711,1107,0.987652,True
5,1712,1108,0.938186,True
5,1713,1109,0.935267,True
5,1714,1115,0.959245,True
5,1715,1119,0.992579,True
5,1716,1111,0.939353,True
5,1717,1122,0.850672,True
5,1718,1110,0.954045,True
5,1719,1116,0.964593,True
5,1720,1114,0.923591,True
5,1721,1324,0.999548,True
5,1722,1115,0.870584,True
5,1723,1117,0.936347,True
5,1724,1147,0.876603,True
5,1725,1202,0.965724,True
5,1728,1122,0.995314,True
5,1729,1121,0.928809,True
5,1731,1118,0.89305,True
5,1734,1124,0.969458,True
5,1735,1324,0.987433,True
5,1737,1150,0.924611,True
5,1738,1125,0.892425,True
5,1740,1127,0.988895,True
5,1741,1126,0.952342,True
5,1742,1148,0.837678,True
5,1743,1128,0.849909,True
5,1744,1129,0.968293,True
5,1745,1130,0.828932,True
5,1746,1182,0.992459,True
5,1747,1131,0.916732,True
5,1748,1354,0.984942,True
5,1749,1393,1.0,True
5,1752,1177,0.988296,True
5,1753,1133,1.0,True
5,1754,1154,0.954863,True
5,1755,1135,1.0,True
5,1756,1143,0.97789,True
5,1757,1134,0.939035,True
5,1758,1200,0.91345,True
5,1759,1136,0.975558,True
5,1760,1137,0.932509,True
5,1761,1138,0.96398,True
5,1762,1147,0.904047,True
5,1764,1132,0.95722,True
5,1765,1140,0.981347,True
5,1766,1158,0.992574,True
5,1767,1142,0.962682,True
5,1768,1139,0.842517,True
5,1769,1147,0.983177,True
5,1770,1144,0.99241,True
5,1771,1191,0.886078,True
5,1772,1147,0.973959,True
5,1773,1158,0.984114,True
5,1774,1141,0.965133,True
5,1775,1146,0.983183,True
5,1776,1324,0.901933,True
5,1777,1145,0.961745,True
5,1778,1233,0.976042,True
5,1779,1143,0.952774,True
5,1780,1148,0.806152,True
5,1781,1149,1.0,True
5,1783,1150,0.900297,True
5,1785,1152,0.987906,True
5,1786,1278,0.930724,True
5,1787,1190,0.957765,True
5,1789,1153,0.927019,True
5,1792,1182,0.991683,True
5,1793,1154,0.966653,True
5,1794,1233,0.926611,True
5,1796,1156,0.959598,True
5,1797,1155,0.877149,True
5,1798,1157,0.983701,True
5,1799,1200,0.961227,True
5,1800,1158,0.971413,True
5,1801,1256,0.928503,True
5,1802,1159,0.989603,True
5,1803,1332,0.887299,True
5,1804,1160,0.821348,True
5,1805,1166,0.985598,True
5,1806,1161,0.917629,True
5,1807,1162,0.894604,True
5,1808,1164,0.946411,True
5,1810,1163,0.92805,True
5,1812,1165,0.920758,True
5,1814,1169,0.901196,True
5,1815,1169,0.921147,True
5,1817,1324,0.949007,True
5,1820,1173,0.879688,True
5,1821,1269,0.905614,True
5,1822,1175,0.918215,True
5,1823,1174,0.877636,True
5,1824,1176,0.999584,True
5,1825,1172,0.822487,True
5,1826,1193,1.0,True
5,1827,1177,0.975876,True
5,1828,1193,0.945683,True
5,1829,1178,0.918331,True
5,1830,1191,0.946698,True
5,1832,1183,0.9724,True
5,1833,1324,0.985971,True
5,1834,1179,0.994383,True
5,1835,1181,0.921482,True
5,1836,1190,0.966011,True
5,1840,1324,0.957465,True
5,1843,1182,0.977067,True
5,1844,1192,0.989007,True
5,1845,1183,0.971857,True
5,1846,1284,0.938068,True
5,1847,1191,0.937751,True
5,1848,1226,0.919753,True
5,1849,1237,0.958028,True
5,1851,1187,0.879778,True
5,1852,1332,0.887759,True
5,1853,1188,1.0,True
5,1854,1190,0.979432,True
5,1855,1189,0.886127,True
5,1856,1191,0.983194,True
5,1857,1185,0.838472,True
5,1858,1225,0.991954,True
5,1859,1245,0.952757,True
5,1861,1193,0.956992,True
5,1862,1194,0.943001,True
5,1863,1195,0.871286,True
5,1864,1197,0.981032,True
5,1865,1196,0.973557,True
5,1866,1201,0.967066,True
5,1868,1203,0.995143,True
5,1869,1206,0.848436,True
5,1870,1205,0.964269,True
5,1871,1204,0.906899,True
5,1872,1198,0.809223,True
5,1873,1202,0.959563,True
5,1874,1326,0.996042,True
5,1875,1200,0.896878,True
5,1876,1209,0.948999,True
5,1877,1208,0.818326,True
5,1879,1245,0.813989,True
5,1880,1233,0.966111,True
5,1881,1210,0.990181,True
5,1882,1245,0.919611,True
5,1884,1284,1.0,True
5,1885,1211,1.0,True
5,1889,1233,0.914027,True
5,1890,1324,0.947368,True
5,1891,1245,0.998537,True
5,1892,1233,0.945135,True
5,1893,1214,0.977362,True
5,1894,1213,0.935827,True
5,1896,1216,0.950532,True
5,1898,1215,0.889897,True
5,1899,1237,0.968237,True
5,1900,1218,0.964039,True
5,1901,1226,0.987702,True
5,1902,1284,0.987824,True
5,1903,1217,0.926957,True
5,1904,1220,0.884924,True
5,1905,1219,1.0,True
5,1906,1419,0.978279,True
5,1907,1222,0.900676,True
5,1908,1233,0.980111,True
5,1910,1223,0.998021,True
5,1911,1284,0.961813,True
5,1912,1221,0.974413,True
5,1913,1332,0.950037,True
5,1914,1247,0.942686,True
5,1915,1224,0.950611,True
5,1916,1256,0.935769,True
5,1917,1225,0.964831,True
5,1920,1226,0.967316,True
5,1921,1232,0.998911,True
5,1922,1332,0.971404,True
5,1923,1331,0.954263,True
5,1925,1229,0.971953,True
5,1926,1228,0.844072,True
5,1927,1354,1.0,True
5,1929,1354,0.982259,True
5,1930,1231,0.969452,True
5,1931,1230,0.851102,True
5,1932,1260,0.990245,True
5,1933,1234,0.940688,True
5,1935,1235,0.920475,True
5,1936,1262,0.813364,True
5,1937,1324,0.895683,True
5,1938,1233,0.872765,True
5,1939,1237,0.897416,True
5,1940,1238,0.995073,True
5,1941,1243,0.938305,True
5,1942,1240,0.821051,True
5,1943,1236,0.915086,True
5,1944,1260,1.0,True
5,1946,1241,0.86245,True
5,1948,1242,0.948326,True
5,1949,1244,1.0,True
5,1950,1243,0.948531,True
5,1951,1270,0.91537,True
5,1952,1245,0.982321,True
5,1953,1246,1.0,True
5,1954,1260,0.833502,True
5,1955,1354,0.989191,True
5,1956,1354,0.981316,True
5,1957,1247,0.957186,True
5,1958,1331,0.990822,True
5,1960,1248,0.948698,True
5,1961,1275,0.826862,True
5,1962,1250,1.0,True
5,1963,1252,0.979211,True
5,1964,1251,0.892002,True
5,1965,1284,0.980503,True
5,1966,1249,0.891457,True
5,1967,1253,0.938674,True
5,1968,1255,0.994969,True
5,1969,1256,0.944637,True
5,1970,1254,0.933285,True
5,1971,1257,0.908044,True
5,1972,1258,0.999227,True
5,1973,1262,0.960229,True
5,1974,1260,0.964963,True
5,1975,1259,0.965289,True
5,1976,1261,0.985468,True
5,1977,1263,0.962133,True
5,1978,1269,0.985103,True
5,1980,1293,0.914261,True
5,1981,1264,0.895067,True
5,1982,1267,0.846615,True
5,1983,1271,0.845781,True
5,1984,1268,0.911628,True
5,1985,1331,0.94615,True
5,1987,1272,0.819166,True
5,1988,1276,0.97524,True
5,1989,1274,0.994288,True
5,1990,1275,0.925764,True
5,1991,1270,0.912418,True
5,1992,1277,0.981282,True
5,1993,1303,0.998432,True
5,1994,1279,0.948399,True
5,1995,1273,0.944731,True
5,1996,1278,0.988136,True
5,1997,1280,0.969443,True
5,1998,1390,0.965541,True
5,2000,1282,0.95538,True
5,2001,1281,0.823275,True
5,2002,1285,0.935147,True
5,2003,1284,0.959651,True
5,2004,1283,0.937132,True
5,2005,1287,0.970332,True
5,2006,1419,0.964034,True
5,2007,1286,0.904243,True
5,2008,1302,0.913177,True
5,2009,1289,0.962434,True
5,2010,1337,0.908401,True
5,2011,1288,0.849314,True
5,2012,1310,0.980739,True
5,2013,1290,0.962167,True
5,2014,1324,0.970687,True
5,2016,1346,0.951696,True
5,2017,1294,0.936455,True
5,2018,1291,0.973858,True
5,2019,1292,0.968477,True
5,2020,1293,0.972588,True
5,2021,1314,0.975565,True
5,2022,1296,0.954468,True
5,2023,1295,0.967724,True
5,2025,1297,0.97457,True
5,2026,1297,0.923477,True
5,2027,1310,0.907846,True
5,2029,1332,0.938071,True
5,2030,1299,0.88937,True
5,2031,1317,0.985268,True
5,2032,1300,1.0,True
5,2033,1301,0.998611,True
5,2034,1303,0.989414,True
5,2035,1315,0.947146,True
5,2036,1302,0.9242,True
5,2037,1304,0.96376,True
5,2038,1338,0.863311,True
5,2039,1305,0.987041,True
5,2040,1306,1.0,True
5,2041,1322,0.971762,True
5,2043,1308,1.0,True
5,2044,1309,0.86698,True
5,2045,1310,0.966491,True
5,2046,1313,0.987297,True
5,2047,1331,0.98496,True
5,2048,1314,0.943198,True
5,2049,1370,0.989868,True
5,2050,1312,0.89448,True
5,2051,1314,0.959093,True
5,2053,1337,0.940193,True
5,2054,1357,0.97854,True
5,2055,1320,0.999044,True
5,2056,1440,0.989404,True
5,2057,1315,0.935495,True
5,2058,1346,0.986994,True
5,2059,1316,0.858805,True
5,2060,1319,0.992746,True
5,2061,1318,0.915848,True
5,2062,1346,0.986823,True
5,2063,1317,0.981669,True
5,2064,1357,0.974476,True
5,2065,1325,0.986818,True
5,2066,1355,0.918994,True
5,2067,1332,0.9946,True
5,2069,1321,0.988821,True
5,2070,1322,0.981779,True
5,2071,1323,0.89139,True
5,2072,1324,0.982497,True
5,2073,1354,0.966277,True
5,2074,1335,0.914018,True
5,2075,1325,0.994377,True
5,2076,1327,0.909522,True
5,2077,1326,0.996204,True
5,2078,1454,0.952362,True
5,2079,1329,0.861866,True
5,2080,1328,0.810743,True
5,2081,1330,0.899435,True
5,2082,1332,0.985354,True
5,2083,1343,0.96189,True
5,2084,1331,0.981376,True
5,2085,1332,0.894241,True
5,2086,1335,0.98763,True
5,2087,1336,0.951279,True
5,2088,1333,0.994152,True
5,2089,1334,0.957909,True
5,2090,1337,0.990865,True
5,2091,1338,0.995965,True
5,2092,1340,0.950578,True
5,2093,1419,0.945383,True
5,2094,1339,0.939773,True
5,2095,1376,1.0,True
5,2096,1381,0.986471,True
5,2097,1361,0.98109,True
5,2098,1381,0.980798,True
5,2100,1342,0.933295,True
5,2102,1340,0.922959,True
5,2103,1341,0.92868,True
5,2104,1342,0.982452,True
5,2105,1345,0.971647,True
5,2106,1343,0.909885,True
5,2107,1354,0.938847,True
5,2108,1346,0.99446,True
5,2109,1344,0.965689,True
5,2110,1347,0.944594,True
5,2111,1390,0.952596,True
5,2113,1370,0.972511,True
5,2114,1349,0.955475,True
5,2115,1492,0.963648,True
5,2116,1350,0.946612,True
5,2117,1351,1.0,True
5,2118,1352,0.965369,True
5,2119,1354,0.986814,True
5,2120,1353,0.978408,True
5,2121,1355,0.946375,True
5,2122,1356,0.987893,True
5,2123,1399,0.969415,True
5,2124,1358,0.936549,True
5,2125,1357,0.995924,True
5,2126,1359,0.828219,True
5,2127,1362,0.963626,True
5,2128,1360,0.93032,True
5,2129,1361,0.976033,True
5,2131,1362,0.978134,True
5,2132,1366,0.90152,True
5,2133,1364,0.887912,True
5,2134,1376,0.944962,True
5,2135,1365,0.895996,True
5,2136,1381,0.935029,True
5,2137,1460,0.961081,True
5,2138,1471,0.975329,True
5,2139,1369,0.987507,True
5,2141,1374,0.951952,True
5,2142,1368,0.946189,True
5,2144,1439,0.96024,True
5,2145,1371,0.972894,True
5,2146,1376,0.987297,True
5,2147,1439,0.955655,True
5,2148,1370,0.962246,True
5,2149,1371,0.875785,True
5,2150,1390,0.980619,True
5,2151,1372,0.986187,True
5,2152,1374,0.995881,True
5,2153,1373,0.821544,True
5,2154,1377,0.851944,True
5,2155,1375,0.966196,True
5,2156,1378,0.894264,True
5,2157,1376,0.988827,True
5,2158,1375,0.934218,True
5,2159,1492,0.987841,True
5,2160,1460,0.971539,True
5,2161,1381,0.979762,True
5,2162,1380,0.970546,True
5,2163,1380,0.949487,True
5,2164,1379,0.894778,True
5,2165,1414,1.0,True
5,2166,1460,0.978681,True
5,2167,1382,0.947166,True
5,2168,1383,0.938037,True
5,2169,1381,0.988691,True
5,2170,1384,1.0,True
5,2171,1385,1.0,True
5,2172,1386,0.954841,True
5,2173,1387,1.0,True
5,2174,1440,0.977315,True
5,2175,1388,1.0,True
5,2176,1389,0.934023,True
5,2177,1440,0.99183,True
5,2178,1392,0.992079,True
5,2179,1408,0.976493,True
5,2180,1421,0.85854,True
5,2181,1390,0.934721,True
5,2182,1395,0.986904,True
5,2183,1408,0.995632,True
5,2184,1391,1.0,True
5,2185,1439,0.977019,True
5,2186,1392,0.985147,True
5,2187,1393,0.995777,True
5,2188,1394,0.932242,True
5,2189,1395,0.969874,True
5,2190,1439,0.967437,True
5,2191,1439,0.970755,True
5,2192,1396,1.0,True
5,2193,1397,0.970921,True
5,2194,1399,0.962717,True
5,2195,1439,0.912246,True
5,2196,1421,0.990146,True
5,2197,1398,0.987975,True
5,2198,1401,0.952264,True
5,2199,1400,0.932317,True
5,2200,1402,1.0,True
5,2201,1421,0.966451,True
5,2202,1404,1.0,True
5,2203,1399,0.963977,True
5,2205,1403,0.984755,True
5,2206,1405,1.0,True
5,2207,1439,0.968864,True
5,2208,1492,0.977255,True
5,2209,1406,0.963129,True
5,2210,1407,0.857729,True
5,2211,1460,0.972708,True
5,2212,1408,0.973734,True
5,2214,1412,0.854748,True
5,2215,1410,0.884243,True
5,2216,1411,1.0,True
5,2217,1413,1.0,True
5,2218,1414,0.999212,True
5,2220,1461,0.981415,True
5,2221,1416,0.929616,True
5,2222,1417,1.0,True
5,2223,1418,0.990954,True
5,2224,1439,0.966191,True
5,2225,1419,0.988113,True
5,2226,1441,0.996475,True
5,2227,1420,0.958515,True
5,2228,1421,0.993644,True
5,2230,1422,1.0,True
5,2231,1424,0.976739,True
5,2232,1460,0.933774,True
5,2233,1423,0.822785,True
5,2234,1425,0.973085,True
5,2235,1426,1.0,True
5,2236,1427,1.0,True
5,2237,1428,0.802542,True
5,2238,1429,0.999955,True
5,2239,1482,0.941605,True
5,2240,1430,0.904908,True
5,2241,1433,0.945373,True
5,2242,1431,1.0,True
5,2243,1432,0.997571,True
5,2244,1436,0.996882,True
5,2245,1435,0.998928,True
5,2246,1434,0.973894,True
5,2248,1437,0.836965,True
5,2249,1440,0.949797,True
5,2250,1439,0.979462,True
5,2251,1441,0.994484,True
5,2252,1442,1.0,True
5,2253,1443,0.943483,True
5,2254,1451,0.977141,True
5,2255,1565,0.909667,True
5,2256,1444,1.0,True
5,2257,1445,0.901797,True
5,2258,1471,1.0,True
5,2260,1489,0.967861,True
5,2261,1447,0.994469,True
5,2262,1448,0.815772,True
5,2264,1460,0.999383,True
5,2265,1450,0.991809,True
5,2266,1451,0.923505,True
5,2267,1452,0.900041,True
5,2268,1471,0.972512,True
5,2269,1455,0.951113,True
5,2270,1454,0.980635,True
5,2271,1493,0.978404,True
5,2272,1489,1.0,True
5,2274,1456,0.837714,True
5,2275,1458,0.98791,True
5,2276,1457,0.954569,True
5,2277,1459,1.0,True
5,2278,1460,0.986363,True
5,2279,1462,0.942358,True
5,2280,1461,0.979402,True
5,2281,1471,0.993484,True
5,2282,1492,0.989618,True
5,2283,1479,0.895963,True
5,2285,1463,1.0,True
5,2286,1479,0.931733,True
5,2287,1465,0.966551,True
5,2288,1464,0.971559,True
5,2290,1466,0.892467,True
5,2296,1474,1.0,True
5,2297,1471,0.92855,True
5,2298,1495,0.992873,True
5,2299,1475,1.0,True
5,2301,1477,0.912236,True
5,2302,1478,1.0,True
5,2303,1479,0.971758,True
5,2304,1480,0.973124,True
5,2305,1482,0.991603,True
5,2306,1483,0.925726,True
5,2308,1484,0.994224,True
5,2309,1486,0.977874,True
5,2310,1485,0.951823,True
5,2311,1486,0.909055,True
5,2312,1495,1.0,True
5,2313,1495,0.984837,True
5,2314,1488,0.986865,True
5,2315,1487,1.0,True
5,2316,1489,0.997095,True
5,2317,1490,0.863466,True
5,2318,1491,1.0,True
5,2319,1492,0.916014,True
5,2321,1493,0.889832,True
5,2322,1495,0.993257,True
5,2323,1494,1.0,True
5,2324,1496,0.964516,True
5,2325,1495,0.96625,True
5,2326,1497,0.936379,True
5,2327,1498,0.914927,True
5,2329,1499,0.920966,True
5,2330,1500,0.921077,True
5,2331,1501,1.0,True
5,2332,1502,0.888817,True
5,2333,1503,0.922277,True
5,2334,1525,0.96855,True
5,2335,1504,0.972165,True
5,2336,1505,0.96676,True
5,2337,1506,1.0,True
5,2338,1507,0.965711,True
5,2339,1509,0.958894,True
5,2340,1508,1.0,True
5,2341,1510,0.921946,True
5,2343,1511,1.0,True
5,2344,1512,1.0,True
5,2345,1525,0.955999,True
5,2346,1514,0.871804,True
5,2347,1513,1.0,True
5,2348,1524,0.976947,True
5,2349,1515,0.9882,True
5,2350,1524,0.944614,True
5,2351,1516,0.962448,True
5,2352,1517,0.985571,True
5,2353,1518,1.0,True
5,2354,1519,0.858283,True
5,2355,1520,0.977929,True
5,2356,1557,0.960394,True
5,2357,1521,0.927441,True
5,2359,1523,1.0,True
5,2360,1521,0.973423,True
5,2361,1557,0.810747,True
5,2362,1524,0.996759,True
5,2363,1525,0.980261,True
5,2364,1533,0.996615,True
5,2365,1534,0.979069,True
5,2366,1526,0.992029,True
5,2367,1536,0.960931,True
5,2368,1527,1.0,True
5,2369,1528,0.991942,True
5,2370,1529,0.989373,True
5,2372,1530,0.914628,True
5,2373,1532,0.964639,True
5,2375,1533,0.998803,True
5,2376,1536,0.949172,True
5,2377,1534,0.967481,True
5,2378,1535,1.0,True
5,2379,1537,1.0,True
5,2380,1538,1.0,True
5,2381,1539,0.854084,True
5,2382,1540,1.0,True
5,2383,1557,0.965562,True
5,2384,1541,1.0,True
5,2385,1559,0.983073,True
5,2386,1542,0.982205,True
5,2387,1543,1.0,True
5,2388,1544,0.969477,True
5,2390,1546,0.956334,True
5,2391,1545,0.987221,True
5,2392,1556,0.966418,True
5,2393,1557,0.957977,True
5,2395,1547,0.945007,True
5,2397,1556,0.967144,True
5,2398,1548,0.944369,True
5,2399,1549,0.979368,True
5,2400,1550,0.864871,True
5,2401,1551,1.0,True
5,2402,1552,0.957557,True
5,2403,1554,0.908097,True
5,2404,1553,0.999855,True
5,2405,1556,0.997638,True
5,2406,1555,1.0,True
5,2407,1557,0.913919,True
5,2408,1558,1.0,True
5,2409,1559,0.973477,True
5,2410,1576,1.0,True
5,2411,1560,0.834018,True
5,2413,1561,0.9913,True
5,2414,1562,0.977572,True
5,2415,1563,1.0,True
5,2416,1576,0.948267,True
5,2417,1564,0.993195,True
5,2418,1565,0.993775,True
5,2420,1567,0.94468,True
5,2421,1568,1.0,True
5,2422,1569,0.950441,True
5,2423,1581,0.980376,True
5,2424,1570,1.0,True
5,2425,1571,1.0,True
5,2426,1572,1.0,True
5,2427,1573,1.0,True
5,2429,1575,0.997683,True
5,2431,1576,0.992449,True
5,2432,1578,0.994884,True
5,2433,1579,0.96198,True
5,2434,1580,0.999237,True
5,2435,1581,0.980112,True
5,2436,1582,1.0,True
5,2437,1583,1.0,True
5,2438,1584,1.0,True
5,2439,1585,0.978581,True
5,2440,1586,0.935984,True
5,2441,1588,0.987062,True
5,2442,1587,0.98003,True
5,2443,1588,0.97512,True
