id,code,name,color,legend_y,count,candidates
1,Al,Alluvium,#ecff65,214,136,"[1, 10]"
2,MWS,"Sands, gravels and clay",#e4e57d,250,64,[2]
3,AB,Sands and pebbles,#f0ff82,286,47,"[3, 90]"
4,MS,"Sand, clay and mangrove swamps",#96aaff,322,31,[4]
5,SDsm,"Sand, clay and swamp",#fcfb4d,358,10,[5]
6,Cst,"Sands, clays, siltstones and limestones",#f0ff5a,394,20,[6]
7,Bnst,Sand and clay,#fdfdbe,430,10,[7]
8,b,Younger basalt,#d8d8fc,466,38,[8]
9,bb,Basalt,#847dfc,502,18,[9]
10,OAlgs,"Lignite, claystone and shale",#ebfd68,538,42,"[1, 10]"
11,Issh,"Clay, clayey sands and shale",#ffc9e0,574,7,[11]
12,Gwss,Sandstone and clay,#fefd65,610,15,[12]
13,Glcl,Sandstones and clays,#dcd86c,646,6,[13]
14,Wss,Sandstone and clay,#72d733,682,5,[14]
15,Esh,Shale and limestone,#9be359,718,23,[15]
16,Imsh,Clay and shale with limestone intercalations,#ccdf6c,754,64,[16]
17,Kss,"Sandstone, shale and clay",#ecff4d,790,31,[17]
18,Dsh,Shale,#dbdeb1,827,0,"[18, 34]"
19,Kls,Limestone,#63f186,863,1,"[19, 30]"
20,Gss,"Sandstone, siltstone, shale and ironstone",#e5ffa8,899,24,[20]
21,Ajst,False-bedded sandstone,#ceffa6,935,18,[21]
22,Ncsh,"Coal, shale and sandstone",#b3fdb7,971,3,[22]
23,Ncsh,"Sandstone, limestone, coal",#b6e397,1007,18,[23]
24,Asl,Sandstone and limestone,#c5f4b0,1043,19,[24]
25,Mcst,"Coal, sandstone and shale",#a5f3bf,1079,6,[25]
26,Bssf,Sandstone and ironstone,#d6ff85,1115,11,[26]
27,Nsh,Shale and mudstone,#d2f458,1151,59,[27]
28,ANsh,Shale and limestone,#ccd86c,1187,77,[28]
29,Tst,"Sandstone, siltstone and shale",#9cd6bd,1223,99,[29]
30,Glls,Limestone,#63f286,1259,1,"[19, 30]"
31,Wss,"Sandstone, clays and shale",#bdec9b,1295,5,[31]
32,Wcs,Clays and loose sandstone,#a3fcc2,1331,1,[32]
33,Wsh,Shale (phosphate nodules),#b9e06d,1367,18,[33]
34,Ts,Siltstone and sandstone,#dbdeb1,1403,170,"[18, 34]"
35,Psh,"Shale, limestone and sandstone",#79ddb0,1440,15,"[35, 37]"
36,Lass,"Sandstone, shale and sandy shale",#bcc8b8,1476,190,[36]
37,NPss,Feldspathic sandstone and siltstone,#79deb0,1512,29,"[35, 37]"
38,Glpg,Pebbles and grit,#94ce67,1548,114,[38]
39,Glss,"Clay, grit and pebbles",#a3f066,1584,14,[39]
40,Glgss,Gravel and sand,#b2d181,1620,148,[40]
41,Fsh,"Black shale, siltstone and sandstone",#acf69b,1656,2,[41]
42,Ess,Sandstone,#b2e370,1692,37,[42]
43,Esh,"Black shale, siltstone and sandstone",#98d64f,1728,44,[43]
44,Mlst,Limestone and siltstone,#b9e6a3,1764,37,[44]
45,Awst,Sandstone,#b9e6c2,1800,17,[45]
46,Yls,"Shale, sandy clay, calcareous sandstone",#72c132,1836,28,[46]
47,Bss,"Feldspathic sandstone, calcareous sandstone and shelly limestone",#8aac5f,1872,119,[47]
48,Arlsh,Shale and limestone with sandstone intercalations,#5fa33a,1908,55,[48]
49,MyP,Quartz porphyry,#ffc8ff,1944,5,[49]
50,MyG,Granite and granite porphyry,#d98ae1,1980,24,"[50, 57]"
51,MyI,Ignimbrite,#e7bbf8,2017,8,"[51, 53]"
52,Mys,"Syenite, quartz-syenite and gabbro",#e7bec6,2053,46,[52]
53,MGp,Granites and granite porphyry,#e7beff,2089,0,"[51, 53]"
54,MyP,Porphyry / quartz porphyry,#d5b9c7,2125,73,[54]
55,r,Rhyolite,#decccc,2161,8,[55]
56,Jyr,Rhyolite,#be64c8,2197,2,[56]
57,JyG,Biotite granite,#da8ae3,2233,8,"[50, 57]"
58,JyA,Trachy-andesine,#ff72e0,2269,4,[58]
59,P,Pegmatite,#c19578,2305,81,[59]
60,D,Dolerite,#9b9b9b,2341,0,[60]
61,ODh,Bauchite quartz-diorite,#b2b2b2,2377,0,[61]
62,OGd,Biotite and biotite hornblende granodiorite,#ff9bab,2413,171,[62]
63,OGS,"Syenite, mainly of pyroxene diorite composition",#cccccc,2449,2,[63]
64,OSq,Coarse biotite and biotite muscovite granite,#ffecb9,2485,1,[64]
65,OGh,Coarse hornblende granite,#ff7357,2521,9,"[65, 68]"
66,OGf,Fine-grained biotite granite,#ffc7d4,2557,31,[66]
67,OGm,Medium-to-coarse-grained biotite granite,#ff8eba,2593,99,[67]
68,OGu,"Undifferentiated granite, migmatite and granite gneiss",#ff7057,2630,23,"[65, 68]"
69,OGCh,Charnockitic rocks,#b17d44,2666,78,[69]
70,OGr,Gabbro and quartz gabbro,#dd00fe,2702,3,[70]
71,MV,Meta-volcanic meta-sedimentary including pebbly schist,#c16d27,2738,8,[71]
72,Sa,"Amphibole schist, amphibolite",#72dffe,2774,23,[72]
73,BIF,Banded iron formation,#e0e096,2810,354,[73]
74,Sp,"Slate phyllite and meta-siltstone, locally hornfelsic / carbonaceous",#79b9ff,2846,55,[74]
75,m,Marble,#53ce59,2882,3,[75]
76,Sf,Fine-grained flaggy quartzite and quartz schist,#9eb9e6,2918,163,[76]
77,Qs,"Quartzite, massive and schistose, also occurring as ridges",#dfff44,2954,74,[77]
78,MS,Pelitic schist / muscovite schist,#f2f600,2990,8,[78]
79,Su,"Undifferentiated schists, including phyllites",#79c1d9,3026,124,[79]
80,Mc,Meta-conglomerate,#a3e770,3062,19,[80]
81,bS,Biotite garnet gneiss schist,#dfba74,3098,173,[81]
82,bG-h,Biotite hornblende gneiss,#d8b25a,3134,153,[82]
83,OPg,Porphyroblastic gneiss,#dab131,3170,133,[83]
84,GG,Granite gneiss,#ffb44c,3207,126,[84]
85,Ge,Granulite and gneiss,#ecc96d,3243,7,[85]
86,bG,Banded gneiss / biotite gneiss,#daa000,3279,51,[86]
87,MaG,Migmatitic augen gneiss,#e6b300,3315,3,[87]
88,MG,Migmatitic gneiss,#dfc477,3351,98,[88]
89,M,Migmatite,#ded377,3387,149,[89]
90,qs,"Silicified, sheared rocks, large quartz veins",#f0ff86,3423,61,"[3, 90]"
91,My,Mylonites,#ffc945,3459,4,[91]
92,aMy,Mylonites interlayered with amphibolites,#7aa3ff,3495,5,[92]
93,OGp,Unresolved map code OGp; no matching legend code,#ff797f,0,210,[93]
94,S,Unresolved map code S; no matching legend code,#6774ff,0,5,[94]
95,WATER,Mapped water / water-color interpretation; not geology,#99d8eb,0,115,[95]
