chapter,name,file,canonical_verses,verse_sections_found,complete,missing_verses,heading_format,avg_words_per_verse,avg_paragraphs_per_verse,avg_bold_headings_per_verse,avg_words_per_verse_no_translation,verses_with_content,empty_verse_stubs,avg_words_per_verse_content,avg_paragraphs_per_verse_content,avg_bold_headings_per_verse_content,total_words,total_paragraphs,total_bold_headings,words_per_paragraph,words_per_bold_heading,verse_median_words,verse_min_words,verse_max_words,verse_stdev_words,inline_bold_labels,intro_words,intro_paragraphs,intro_bold_headings
1,Al-Fātiḥah,expanded/001.md,7,7,True,0,plain,1932.9,33.43,6.43,1923.7,7,0,1932.9,33.43,6.43,13530,234,45,57.8,300.7,1940,1662,2290,194.4,0,1650,26,5
2,Al-Baqarah,expanded/002.md,286,286,True,0,plain,821.1,9.07,3.31,782.0,286,0,821.1,9.07,3.31,234840,2594,946,90.5,248.2,801.0,356,1429,167.3,0,1057,18,5
3,Āl ʿImrān,expanded/003.md,200,200,True,0,plain,795.6,9.6,3.67,763.5,200,0,795.6,9.6,3.67,159128,1920,733,82.9,217.1,802.0,644,1537,105.6,4,1697,17,6
4,Al-Nisāʾ,expanded/004.md,176,176,True,0,plain,931.3,8.61,3.44,892.2,176,0,931.3,8.61,3.44,163909,1516,605,108.1,270.9,902.5,666,1700,152.2,0,871,6,0
5,Al-Māʾidah,expanded/005.md,120,120,True,0,plain,1496.7,20.36,7.54,1452.5,120,0,1496.7,20.36,7.54,179604,2443,905,73.5,198.5,1433.0,1023,2853,306.7,0,1400,17,5
6,Al-Anʿām,expanded/006.md,165,165,True,0,plain,1291.2,26.93,8.25,1255.6,165,0,1291.2,26.93,8.25,213049,4443,1361,48.0,156.5,1273,956,1821,165.2,0,1287,22,6
7,Al-Aʿrāf,expanded/007.md,206,206,True,0,plain,802.9,8.08,2.59,771.0,206,0,802.9,8.08,2.59,165393,1664,534,99.4,309.7,728.0,183,1909,317.2,0,964,8,4
8,Al-Anfāl,expanded/008.md,75,75,True,0,plain,1014.8,9.75,4.01,983.9,75,0,1014.8,9.75,4.01,76110,731,301,104.1,252.9,1023,762,1296,109.9,0,1566,14,6
9,Al-Tawbah,expanded/009.md,129,129,True,0,plain,799.5,10.19,3.99,762.9,129,0,799.5,10.19,3.99,103138,1314,515,78.5,200.3,776,505,1243,101.5,0,1157,11,4
10,Yūnus,expanded/010.md,109,109,True,0,plain,627.0,11.81,4.27,595.2,109,0,627.0,11.81,4.27,68344,1287,465,53.1,147.0,589,485,1159,124.8,0,1445,23,6
11,Hūd,expanded/011.md,123,123,True,0,plain,886.7,8.4,3.65,856.4,123,0,886.7,8.4,3.65,109062,1033,449,105.6,242.9,879,442,1324,180.3,0,1026,18,6
12,Yūsuf,expanded/012.md,111,111,True,0,plain,1130.8,13.79,4.32,1099.2,111,0,1130.8,13.79,4.32,125519,1531,480,82.0,261.5,1119,681,1875,276.0,0,1617,20,10
13,Al-Raʿd,expanded/013.md,43,43,True,0,plain,1094.9,19.37,6.44,1057.5,43,0,1094.9,19.37,6.44,47080,833,277,56.5,170.0,1082,795,1615,174.0,0,901,13,5
14,Ibrāhīm,expanded/014.md,52,52,True,0,plain,1016.5,12.9,4.88,985.8,52,0,1016.5,12.9,4.88,52856,671,254,78.8,208.1,1012.0,785,1504,154.1,0,953,10,5
15,Al-Ḥijr,expanded/015.md,99,99,True,0,plain,966.0,9.1,3.94,952.6,99,0,966.0,9.1,3.94,95637,901,390,106.1,245.2,1004,480,1402,196.5,0,1067,14,5
16,Al-Naḥl,expanded/016.md,128,128,True,0,plain,1549.9,29.62,8.24,1522.1,128,0,1549.9,29.62,8.24,198392,3792,1055,52.3,188.0,1533.0,1083,2306,170.1,0,1403,17,5
17,Al-Isrāʾ,expanded/017.md,111,111,True,0,plain,1068.6,15.31,5.93,1041.7,111,0,1068.6,15.31,5.93,118616,1699,658,69.8,180.3,1049,699,1957,172.8,0,0,0,0
18,Al-Kahf,expanded/018.md,110,110,True,0,plain,858.7,21.22,5.55,829.8,110,0,858.7,21.22,5.55,94457,2334,610,40.5,154.8,844.5,603,1238,129.0,0,1145,21,5
19,Maryam,expanded/019.md,98,98,True,0,plain,721.5,8.35,2.94,701.9,98,0,721.5,8.35,2.94,70708,818,288,86.4,245.5,701.5,418,1045,124.4,0,1690,16,6
20,Ṭā Hā,expanded/020.md,135,135,True,0,plain,475.8,7.5,3.25,455.8,135,0,475.8,7.5,3.25,64231,1013,439,63.4,146.3,461,353,817,81.8,0,935,8,4
21,Al-Anbiyāʾ,expanded/021.md,112,112,True,0,plain,1274.6,13.7,3.25,1254.3,112,0,1274.6,13.7,3.25,142757,1534,364,93.1,392.2,1250.5,964,1877,174.7,0,1693,17,6
22,Al-Ḥajj,expanded/022.md,78,78,True,0,plain,1004.3,25.21,7.04,974.6,78,0,1004.3,25.21,7.04,78339,1966,549,39.8,142.7,984.0,881,1440,94.8,0,926,11,5
23,Al-Muʾminūn,expanded/023.md,118,118,True,0,plain,1504.9,23.24,8.38,1488.1,118,0,1504.9,23.24,8.38,177578,2742,989,64.8,179.6,1437.5,1141,2214,198.3,0,1393,16,6
24,Al-Nūr,expanded/024.md,64,64,True,0,plain,1528.6,24.95,8.33,1490.7,64,0,1528.6,24.95,8.33,97829,1597,533,61.3,183.5,1489.0,1103,2813,318.1,0,1399,10,5
25,Al-Furqān,expanded/025.md,77,77,True,0,plain,1135.7,23.23,5.94,1113.1,77,0,1135.7,23.23,5.94,87449,1789,457,48.9,191.4,1126,1020,1768,95.2,0,1711,23,6
26,Al-Shuʿarāʾ,expanded/026.md,227,227,True,0,plain,228.1,5.97,2.46,216.8,191,36,271.1,7.1,2.92,51784,1356,558,38.2,92.8,170,0,845,181.4,0,962,14,6
27,Al-Naml,expanded/027.md,93,93,True,0,plain,1753.9,44.12,7.02,1729.9,93,0,1753.9,44.12,7.02,163113,4103,653,39.8,249.8,1618,1109,3385,429.8,55,2320,31,9
28,Al-Qaṣaṣ,expanded/028.md,88,88,True,0,plain,1662.7,55.27,7.77,1630.7,88,0,1662.7,55.27,7.77,146315,4864,684,30.1,213.9,1660.0,1213,2128,214.2,0,2218,38,7
29,Al-ʿAnkabūt,expanded/029.md,69,69,True,0,plain,1583.1,16.45,6.62,1555.9,69,0,1583.1,16.45,6.62,109235,1135,457,96.2,239.0,1568,1102,2387,235.4,0,1622,14,7
30,Al-Rūm,expanded/030.md,60,60,True,0,plain,774.7,10.33,4.02,748.9,60,0,774.7,10.33,4.02,46480,620,241,75.0,192.9,770.0,574,1170,85.6,0,1142,16,5
31,Luqmān,expanded/031.md,34,34,True,0,plain,1654.0,18.65,5.47,1625.4,34,0,1654.0,18.65,5.47,56236,634,186,88.7,302.3,1621.0,1240,2318,235.2,0,1844,27,6
32,Al-Sajdah,expanded/032.md,30,30,True,0,plain,1567.4,11.37,4.7,1544.2,30,0,1567.4,11.37,4.7,47021,341,141,137.9,333.5,1551.0,1044,2292,278.2,0,1663,21,6
33,Al-Aḥzāb,expanded/033.md,73,73,True,0,plain,588.5,20.18,4.74,553.8,73,0,588.5,20.18,4.74,42957,1473,346,29.2,124.2,531,459,1147,145.2,0,872,22,7
34,Sabaʾ,expanded/034.md,54,54,True,0,plain,410.4,12.85,3.02,380.1,54,0,410.4,12.85,3.02,22159,694,163,31.9,135.9,394.0,306,683,69.3,0,554,8,3
35,Fāṭir,expanded/035.md,45,45,True,0,plain,1523.8,40.69,7.11,1492.4,45,0,1523.8,40.69,7.11,68571,1831,320,37.5,214.3,1504,1176,2110,192.6,0,1848,24,6
36,Yā Sīn,expanded/036.md,83,83,True,0,plain,419.3,14.0,6.0,402.4,83,0,419.3,14.0,6.0,34805,1162,498,30.0,69.9,419,387,485,14.8,0,332,6,2
37,Al-Ṣaffāt,expanded/037.md,182,182,True,0,bracket,209.0,5.64,1.0,194.1,182,0,209.0,5.64,1.0,38039,1026,182,37.1,209.0,176.5,124,446,75.4,60,0,0,0
38,Ṣād,expanded/038.md,88,88,True,0,plain,532.6,13.89,4.82,516.3,88,0,532.6,13.89,4.82,46869,1222,424,38.4,110.5,457.0,388,1025,158.9,0,1435,23,5
39,Al-Zumar,expanded/039.md,75,75,True,0,plain,461.7,11.01,3.48,432.2,75,0,461.7,11.01,3.48,34624,826,261,41.9,132.7,403,283,1005,160.0,0,602,8,3
40,Ghāfir,expanded/040.md,85,85,True,0,plain,931.9,11.42,4.65,902.4,85,0,931.9,11.42,4.65,79208,971,395,81.6,200.5,921,580,1821,214.8,0,811,6,0
41,Fuṣṣilat,expanded/041.md,54,54,True,0,plain,886.1,10.57,4.06,857.7,54,0,886.1,10.57,4.06,47852,571,219,83.8,218.5,871.0,728,1168,88.1,0,993,12,5
42,Al-Shūrā,expanded/042.md,53,53,True,0,plain,1000.1,14.06,4.13,970.6,53,0,1000.1,14.06,4.13,53003,745,219,71.1,242.0,978,619,1454,178.4,0,1262,10,5
43,Al-Zukhruf,expanded/043.md,89,89,True,0,plain,501.4,17.53,4.43,480.7,89,0,501.4,17.53,4.43,44626,1560,394,28.6,113.3,497,446,698,29.5,0,601,15,4
44,Al-Dukhān,expanded/044.md,59,59,True,0,plain,1036.5,10.66,4.71,1025.7,59,0,1036.5,10.66,4.71,61155,629,278,97.2,220.0,1012,758,1314,126.7,0,1377,16,6
45,Al-Jāthiyah,expanded/045.md,37,37,True,0,plain,1358.5,15.35,5.51,1332.9,37,0,1358.5,15.35,5.51,50264,568,204,88.5,246.4,1329,922,2004,239.0,0,1664,17,6
46,Al-Aḥqāf,expanded/046.md,35,35,True,0,plain,812.0,14.63,4.03,777.7,35,0,812.0,14.63,4.03,28420,512,141,55.5,201.6,795,678,1189,102.6,0,858,11,4
47,Muḥammad,expanded/047.md,38,38,True,0,plain,2236.2,40.53,6.5,2207.9,38,0,2236.2,40.53,6.5,84975,1540,247,55.2,344.0,2201.5,1440,3747,427.0,0,2638,31,7
48,Al-Fatḥ,expanded/048.md,29,29,True,0,plain,718.2,19.66,4.45,680.2,29,0,718.2,19.66,4.45,20827,570,129,36.5,161.4,679,547,1605,194.6,0,908,17,4
49,Al-Ḥujurāt,expanded/049.md,18,18,True,0,plain,2054.3,45.56,8.22,2020.1,18,0,2054.3,45.56,8.22,36978,820,148,45.1,249.9,1927.5,1562,3038,409.7,0,1391,16,6
50,Qāf,expanded/050.md,45,45,True,0,plain,1419.8,18.6,5.64,1404.6,45,0,1419.8,18.6,5.64,63891,837,254,76.3,251.5,1364,1074,2022,214.1,0,1967,21,6
51,Al-Dhāriyāt,expanded/051.md,60,60,True,0,plain,926.9,16.4,5.45,915.4,60,0,926.9,16.4,5.45,55616,984,327,56.5,170.1,899.0,758,1312,101.9,0,1004,12,6
52,Al-Ṭūr,expanded/052.md,49,49,True,0,plain,1033.7,23.82,5.65,1021.1,49,0,1033.7,23.82,5.65,50651,1167,277,43.4,182.9,1058,764,1312,149.1,0,848,10,5
53,Al-Najm,expanded/053.md,62,62,True,0,plain,1124.4,13.66,5.47,1113.5,62,0,1124.4,13.66,5.47,69712,847,339,82.3,205.6,1098.0,936,1558,118.6,0,1720,18,8
54,Al-Qamar,expanded/054.md,55,55,True,0,plain,1522.1,37.13,5.73,1509.5,55,0,1522.1,37.13,5.73,83718,2042,315,41.0,265.8,1471,1210,2945,275.4,4,1837,33,7
55,Al-Raḥmān,expanded/055.md,78,78,True,0,plain,962.4,15.64,5.79,952.7,78,0,962.4,15.64,5.79,75068,1220,452,61.5,166.1,966.0,701,1397,152.3,0,1202,21,5
56,Al-Wāqiʿah,expanded/056.md,96,96,True,0,plain,726.6,20.4,8.79,719.0,96,0,726.6,20.4,8.79,69758,1958,844,35.6,82.7,694.5,535,1196,139.5,0,1146,14,6
57,Al-Ḥadīd,expanded/057.md,29,29,True,0,plain,1304.4,12.79,4.34,1266.2,29,0,1304.4,12.79,4.34,37829,371,126,102.0,300.2,1311,841,1605,176.1,0,1514,14,6
58,Al-Mujādilah,expanded/058.md,22,22,True,0,plain,899.3,19.05,4.32,859.9,22,0,899.3,19.05,4.32,19784,419,95,47.2,208.3,862.5,636,1443,178.8,0,748,11,4
59,Al-Ḥashr,expanded/059.md,24,24,True,0,plain,1232.6,19.29,5.67,1198.0,24,0,1232.6,19.29,5.67,29583,463,136,63.9,217.5,1163.5,1070,1841,192.4,0,1785,23,9
60,Al-Mumtaḥanah,expanded/060.md,13,13,True,0,plain,1742.8,33.31,7.54,1693.1,13,0,1742.8,33.31,7.54,22656,433,98,52.3,231.2,1605,1350,2330,299.3,0,1503,17,8
61,Al-Ṣaff,expanded/061.md,14,14,True,0,plain,1556.0,19.5,6.36,1527.5,14,0,1556.0,19.5,6.36,21784,273,89,79.8,244.8,1502.0,1227,2077,197.1,0,1149,14,6
62,Al-Jumuʿah,expanded/062.md,11,11,True,0,plain,988.0,17.18,4.0,959.8,11,0,988.0,17.18,4.0,10868,189,44,57.5,247.0,975,751,1217,145.2,0,794,12,5
63,Al-Munāfiqūn,expanded/063.md,11,11,True,0,plain,1480.5,30.09,6.18,1448.4,11,0,1480.5,30.09,6.18,16285,331,68,49.2,239.5,1528,1185,1859,215.4,0,976,11,4
64,Al-Taghābun,expanded/064.md,18,18,True,0,plain,1871.7,20.17,6.06,1845.5,18,0,1871.7,20.17,6.06,33690,363,109,92.8,309.1,1874.0,1462,2620,281.6,0,972,10,5
65,Al-Ṭalāq,expanded/065.md,12,12,True,0,plain,1560.1,26.0,5.83,1516.3,12,0,1560.1,26.0,5.83,18721,312,70,60.0,267.4,1543.0,1148,2140,333.8,0,992,13,4
66,Al-Taḥrīm,expanded/066.md,12,12,True,0,plain,1657.7,22.33,5.83,1618.0,12,0,1657.7,22.33,5.83,19892,268,70,74.2,284.2,1598.5,1358,2090,213.3,0,1473,15,5
67,Al-Mulk,expanded/067.md,30,30,True,0,plain,403.2,12.63,3.03,382.9,30,0,403.2,12.63,3.03,12095,379,91,31.9,132.9,388.5,312,566,57.7,0,572,10,3
68,Al-Qalam,expanded/068.md,52,52,True,0,plain,818.0,20.52,5.23,805.8,52,0,818.0,20.52,5.23,42534,1067,272,39.9,156.4,810.5,695,1023,73.4,0,312,4,0
69,Al-Ḥāqqah,expanded/069.md,52,52,True,0,plain,329.0,13.15,3.98,319.2,52,0,329.0,13.15,3.98,17109,684,207,25.0,82.7,319.5,240,409,41.0,0,697,14,4
70,Al-Maʿārij,expanded/070.md,44,44,True,0,plain,762.5,11.5,3.16,753.2,44,0,762.5,11.5,3.16,33548,506,139,66.3,241.4,750.0,434,1198,152.1,0,1123,12,6
71,Nūḥ,expanded/071.md,28,28,True,0,plain,1280.8,21.21,5.21,1266.2,28,0,1280.8,21.21,5.21,35863,594,146,60.4,245.6,1301.0,1017,1623,142.1,0,2099,26,7
72,Al-Jinn,expanded/072.md,28,28,True,0,plain,931.7,31.57,5.89,913.9,28,0,931.7,31.57,5.89,26088,884,165,29.5,158.1,934.0,776,1253,97.6,0,1361,25,5
73,Al-Muzzammil,expanded/073.md,20,20,True,0,plain,403.8,13.8,3.8,385.4,20,0,403.8,13.8,3.8,8076,276,76,29.3,106.3,365.5,299,1012,146.6,0,210,3,0
74,Al-Muddaththir,expanded/074.md,56,56,True,0,plain,735.6,25.02,6.02,726.8,56,0,735.6,25.02,6.02,41195,1401,337,29.4,122.2,723.5,684,1002,53.9,0,480,8,4
75,Al-Qiyāmah,expanded/075.md,40,40,True,0,plain,376.1,14.85,3.52,368.0,40,0,376.1,14.85,3.52,15046,594,141,25.3,106.7,355.0,283,643,77.2,0,551,11,4
76,Al-Insān,expanded/076.md,31,31,True,0,plain,1067.8,19.1,4.06,1053.3,31,0,1067.8,19.1,4.06,33102,592,126,55.9,262.7,836,572,2542,509.7,0,2391,24,7
77,Al-Mursalāt,expanded/077.md,50,50,True,0,plain,1314.8,10.68,4.74,1307.4,50,0,1314.8,10.68,4.74,65738,534,237,123.1,277.4,1319.5,1046,1574,146.3,0,2149,18,6
78,Al-Nabaʾ,expanded/078.md,40,40,True,0,plain,1621.5,17.43,4.72,1613.2,40,0,1621.5,17.43,4.72,64862,697,189,93.1,343.2,1594.5,1365,2145,150.0,0,2165,19,7
79,Al-Nāziʿāt,expanded/079.md,46,46,True,0,plain,1390.0,38.57,5.98,1381.7,46,0,1390.0,38.57,5.98,63938,1774,275,36.0,232.5,1343.5,946,1844,211.3,0,1701,27,7
80,ʿAbasa,expanded/080.md,42,42,True,0,plain,1178.3,15.4,5.02,1171.8,42,0,1178.3,15.4,5.02,49487,647,211,76.5,234.5,1172.0,934,1465,108.7,0,2251,29,7
81,Al-Takwīr,expanded/081.md,29,29,True,0,plain,973.3,17.1,4.0,966.3,29,0,973.3,17.1,4.0,28227,496,116,56.9,243.3,960,865,1193,72.5,0,1004,13,4
82,Al-Infiṭār,expanded/082.md,19,19,True,0,plain,1487.2,32.63,6.05,1474.5,19,0,1487.2,32.63,6.05,28257,620,115,45.6,245.7,1457,1169,1896,195.5,0,1516,21,6
83,Al-Muṭaffifīn,expanded/083.md,36,36,True,0,plain,1138.3,15.58,4.42,1129.8,36,0,1138.3,15.58,4.42,40978,561,159,73.0,257.7,1044.0,671,2248,329.2,0,1679,24,5
84,Al-Inshiqāq,expanded/084.md,25,25,True,0,plain,1222.6,17.24,5.76,1213.1,25,0,1222.6,17.24,5.76,30565,431,144,70.9,212.3,1213,977,1550,139.3,0,954,14,6
85,Al-Burūj,expanded/085.md,22,22,True,0,plain,1004.4,16.64,3.14,995.5,22,0,1004.4,16.64,3.14,22096,366,69,60.4,320.2,953.0,839,1425,153.0,0,1150,13,4
86,Al-Ṭāriq,expanded/086.md,17,17,True,0,plain,1674.9,33.41,9.88,1667.4,17,0,1674.9,33.41,9.88,28473,568,168,50.1,169.5,1670,1115,2082,213.5,0,1023,19,6
87,Al-Aʿlā,expanded/087.md,19,19,True,0,plain,1277.9,15.68,3.47,1270.3,19,0,1277.9,15.68,3.47,24281,298,66,81.5,367.9,1264,1033,1517,158.2,0,2360,23,6
88,Al-Ghāshiyah,expanded/088.md,26,26,True,0,plain,876.6,19.46,4.96,870.9,26,0,876.6,19.46,4.96,22792,506,129,45.0,176.7,869.0,784,1055,63.8,0,792,14,5
89,Al-Fajr,expanded/089.md,30,30,True,0,plain,949.4,15.67,5.1,941.3,30,0,949.4,15.67,5.1,28481,470,153,60.6,186.2,969.5,749,1114,94.4,0,873,9,4
90,Al-Balad,expanded/090.md,20,20,True,0,plain,1205.2,13.3,5.05,1196.9,20,0,1205.2,13.3,5.05,24103,266,101,90.6,238.6,1197.0,1062,1382,84.4,0,557,6,3
91,Al-Shams,expanded/091.md,15,15,True,0,plain,1229.4,21.13,5.87,1220.7,15,0,1229.4,21.13,5.87,18441,317,88,58.2,209.6,1137,989,1942,243.3,0,1604,18,8
92,Al-Layl,expanded/092.md,21,21,True,0,plain,1060.4,12.14,5.52,1052.7,21,0,1060.4,12.14,5.52,22268,255,116,87.3,192.0,1056,871,1253,95.9,0,1431,16,7
93,Al-Ḍuḥā,expanded/093.md,11,11,True,0,plain,950.7,19.27,5.0,942.6,11,0,950.7,19.27,5.0,10458,212,55,49.3,190.1,958,855,1038,61.7,0,1086,18,6
94,Al-Sharḥ,expanded/094.md,8,8,True,0,plain,2347.0,34.0,7.5,2339.8,8,0,2347.0,34.0,7.5,18776,272,60,69.0,312.9,2288.0,2018,2941,248.1,0,1628,15,6
95,Al-Tīn,expanded/095.md,8,8,True,0,plain,2015.6,23.88,6.38,2007.6,8,0,2015.6,23.88,6.38,16125,191,51,84.4,316.2,1999.5,1720,2436,241.1,0,1368,18,6
96,Al-ʿAlaq,expanded/096.md,19,19,True,0,plain,1639.5,48.42,8.74,1632.7,19,0,1639.5,48.42,8.74,31151,920,166,33.9,187.7,1623,1354,1892,174.5,0,1294,20,5
97,Al-Qadr,expanded/097.md,5,5,True,0,plain,932.2,25.6,6.0,921.4,5,0,932.2,25.6,6.0,4661,128,30,36.4,155.4,923,890,993,37.7,0,422,12,1
98,Al-Bayyinah,expanded/098.md,8,8,True,0,plain,2433.5,68.0,9.75,2413.2,8,0,2433.5,68.0,9.75,19468,544,78,35.8,249.6,2383.5,2053,2921,313.1,0,1369,21,6
99,Al-Zalzalah,expanded/099.md,8,8,True,0,plain,1804.1,37.12,5.0,1795.6,8,0,1804.1,37.12,5.0,14433,297,40,48.6,360.8,1731.0,1428,2265,286.9,0,1592,30,5
100,Al-ʿĀdiyāt,expanded/100.md,11,11,True,0,plain,1404.4,24.0,5.18,1395.7,11,0,1404.4,24.0,5.18,15448,264,57,58.5,271.0,1354,1062,2078,254.3,0,2254,29,6
101,Al-Qāriʿah,expanded/101.md,11,11,True,0,plain,1608.2,25.09,5.09,1601.8,11,0,1608.2,25.09,5.09,17690,276,56,64.1,315.9,1609,1415,1768,100.2,0,1166,17,5
102,Al-Takāthur,expanded/102.md,8,8,True,0,plain,1661.2,37.12,7.88,1653.6,8,0,1661.2,37.12,7.88,13290,297,63,44.7,211.0,1570.0,1435,2197,234.6,0,1110,18,5
103,Al-ʿAṣr,expanded/103.md,3,3,True,0,plain,1826.7,59.67,7.67,1817.7,3,0,1826.7,59.67,7.67,5480,179,23,30.6,238.3,1640,1446,2394,408.9,0,826,21,5
104,Al-Humazah,expanded/104.md,9,9,True,0,plain,2484.2,29.33,5.89,2478.2,9,0,2484.2,29.33,5.89,22358,264,53,84.7,421.8,2556,1906,3117,421.3,0,1844,25,6
105,Al-Fīl,expanded/105.md,5,5,True,0,plain,2002.6,33.2,7.8,1993.8,5,0,2002.6,33.2,7.8,10013,166,39,60.3,256.7,1920,1660,2370,252.0,0,2122,24,7
106,Quraysh,expanded/106.md,4,4,True,0,plain,2558.5,38.75,7.75,2549.0,4,0,2558.5,38.75,7.75,10234,155,31,66.0,330.1,2492.0,2120,3130,375.2,0,1412,19,5
107,Al-Māʿūn,expanded/107.md,7,7,True,0,plain,1281.9,25.14,4.29,1275.4,7,0,1281.9,25.14,4.29,8973,176,30,51.0,299.1,1290,1098,1408,121.9,0,1288,21,5
108,Al-Kawthar,expanded/108.md,3,3,True,0,plain,2223.7,47.33,8.0,2215.3,3,0,2223.7,47.33,8.0,6671,142,24,47.0,278.0,2239,2001,2431,175.9,0,769,15,5
109,Al-Kāfirūn,expanded/109.md,6,6,True,0,plain,1802.8,34.67,7.0,1795.7,6,0,1802.8,34.67,7.0,10817,208,42,52.0,257.5,1814.0,1658,1930,91.2,0,1769,29,7
110,Al-Naṣr,expanded/110.md,3,3,True,0,plain,3279.3,35.33,9.67,3269.0,3,0,3279.3,35.33,9.67,9838,106,29,92.8,339.2,3014,2983,3841,397.4,0,2030,23,7
111,Al-Masad,expanded/111.md,5,5,True,0,plain,1343.4,36.0,8.6,1335.0,5,0,1343.4,36.0,8.6,6717,180,43,37.3,156.2,1305,1281,1486,75.7,0,885,17,5
112,Al-Ikhlāṣ,expanded/112.md,4,4,True,0,plain,2222.2,29.0,7.75,2216.2,4,0,2222.2,29.0,7.75,8889,116,31,76.6,286.7,2275.5,1960,2378,158.0,0,2577,31,10
113,Al-Falaq,expanded/113.md,5,5,True,0,plain,1829.4,31.2,11.2,1820.4,5,0,1829.4,31.2,11.2,9147,156,56,58.6,163.3,1721,1694,2093,157.9,0,1657,24,6
114,Al-Nās,expanded/114.md,6,6,True,0,plain,1865.5,24.0,6.0,1859.7,6,0,1865.5,24.0,6.0,11193,144,36,77.7,310.9,1803.0,1734,2064,137.1,0,1954,30,7
