chapter,verse,words,paragraphs,bold_headings,words_below_floor,paragraphs_below_floor,headings_below_floor
2,33,698,7,2,0,0,1
2,232,620,6,2,0,0,1
2,235,707,7,2,0,0,1
2,239,496,5,2,0,1,1
2,240,540,5,2,0,1,1
2,241,458,5,2,0,1,1
2,243,711,7,2,0,0,1
2,244,431,5,2,0,1,1
2,246,782,5,2,0,1,1
2,249,867,5,2,0,1,1
2,250,530,6,2,0,0,1
2,251,766,7,2,0,0,1
2,252,412,3,1,8,3,2
2,257,512,5,2,0,1,1
2,263,567,5,2,0,1,1
2,269,571,6,2,0,0,1
2,270,356,5,2,64,1,1
2,276,555,6,2,0,0,1
2,277,429,5,2,0,1,1
2,278,489,5,2,0,1,1
2,279,671,5,2,0,1,1
2,280,555,7,2,0,0,1
2,281,485,5,2,0,1,1
2,283,586,5,2,0,1,1
3,17,687,9,2,0,0,1
3,30,678,6,2,0,0,1
3,36,793,9,2,0,0,1
3,44,656,7,2,0,0,1
3,55,792,6,2,0,0,1
3,84,689,12,2,0,0,1
3,101,662,6,2,0,0,1
3,126,718,7,2,0,0,1
3,135,693,8,2,0,0,1
3,155,723,8,2,0,0,1
3,170,665,8,2,0,0,1
3,190,822,9,2,0,0,1
4,80,891,7,2,0,0,1
4,100,778,5,2,0,1,1
4,101,775,5,2,0,1,1
4,107,685,5,2,0,1,1
4,108,748,5,2,0,1,1
4,114,981,5,2,0,1,1
4,115,1046,5,2,0,1,1
4,120,666,5,2,0,1,1
4,121,879,7,2,0,0,1
4,122,710,5,2,0,1,1
4,124,818,5,2,0,1,1
4,125,769,5,2,0,1,1
7,39,689,11,2,0,0,1
7,41,596,9,2,0,0,1
7,61,497,6,2,0,0,1
7,62,614,7,1,0,0,2
7,66,512,6,2,0,0,1
7,67,248,3,1,172,3,2
7,68,275,3,1,145,3,2
7,69,568,6,2,0,0,1
7,72,585,6,2,0,0,1
7,76,366,5,1,54,1,2
7,80,554,5,2,0,1,1
7,81,571,5,2,0,1,1
7,82,479,5,2,0,1,1
7,83,629,6,2,0,0,1
7,84,497,5,2,0,1,1
7,87,634,6,2,0,0,1
7,90,464,5,2,0,1,1
7,91,468,5,2,0,1,1
7,92,438,5,2,0,1,1
7,93,499,5,2,0,1,1
7,94,466,5,2,0,1,1
7,97,502,5,2,0,1,1
7,98,513,5,2,0,1,1
7,99,562,5,2,0,1,1
7,100,686,5,2,0,1,1
7,102,712,5,2,0,1,1
7,103,359,5,2,61,1,1
7,104,403,4,1,17,2,2
7,105,541,5,2,0,1,1
7,106,354,3,1,66,3,2
7,107,548,5,2,0,1,1
7,108,423,4,1,0,2,2
7,109,386,3,1,34,3,2
7,110,334,3,1,86,3,2
7,111,497,5,2,0,1,1
7,112,324,3,1,96,3,2
7,113,183,3,1,237,3,2
7,114,390,3,1,30,3,2
7,115,268,3,1,152,3,2
7,116,554,5,2,0,1,1
7,117,513,5,2,0,1,1
7,118,414,5,2,6,1,1
7,119,378,3,1,42,3,2
7,120,576,5,2,0,1,1
7,121,387,3,1,33,3,2
7,122,424,3,1,0,3,2
7,123,618,5,2,0,1,1
7,124,439,4,1,0,2,2
7,125,329,3,1,91,3,2
7,126,603,4,1,0,2,2
7,127,704,5,2,0,1,1
7,128,630,5,2,0,1,1
7,129,644,5,2,0,1,1
7,130,551,5,2,0,1,1
7,131,633,5,2,0,1,1
7,132,406,3,1,14,3,2
7,133,659,5,2,0,1,1
7,134,611,5,2,0,1,1
7,135,543,5,2,0,1,1
7,136,508,5,2,0,1,1
7,137,774,5,2,0,1,1
7,138,660,5,2,0,1,1
7,139,421,3,1,0,3,2
7,140,530,5,2,0,1,1
7,141,665,5,2,0,1,1
7,142,799,5,2,0,1,1
7,147,736,5,2,0,1,1
7,148,786,5,2,0,1,1
7,149,675,5,2,0,1,1
7,151,602,5,2,0,1,1
7,152,769,5,2,0,1,1
7,153,503,3,1,0,3,2
7,154,662,5,2,0,1,1
7,158,620,5,2,0,1,1
7,159,655,5,2,0,1,1
7,160,758,5,2,0,1,1
7,161,572,5,2,0,1,1
7,162,600,5,2,0,1,1
7,163,628,5,2,0,1,1
7,164,638,5,2,0,1,1
7,165,529,3,1,0,3,2
7,166,410,3,1,10,3,2
7,167,687,5,2,0,1,1
7,169,696,5,2,0,1,1
7,171,803,5,2,0,1,1
7,174,566,5,2,0,1,1
7,175,934,6,2,0,0,1
7,177,461,3,1,0,3,2
7,178,581,4,1,0,2,2
7,181,499,3,1,0,3,2
7,182,556,3,1,0,3,2
7,183,562,3,1,0,3,2
7,184,671,5,2,0,1,1
7,185,796,5,2,0,1,1
7,186,681,5,2,0,1,1
7,189,830,5,2,0,1,1
7,190,885,5,2,0,1,1
7,191,401,3,1,19,3,2
7,192,524,3,1,0,3,2
7,193,661,5,2,0,1,1
7,194,720,5,2,0,1,1
7,195,915,5,2,0,1,1
7,196,586,3,1,0,3,2
7,197,600,3,1,0,3,2
7,198,485,3,1,0,3,2
7,200,672,5,2,0,1,1
7,201,714,5,2,0,1,1
7,202,567,3,1,0,3,2
7,203,963,5,2,0,1,1
7,204,901,5,2,0,1,1
7,206,1111,6,2,0,0,1
11,79,521,5,2,0,1,1
11,80,580,5,2,0,1,1
11,83,601,5,2,0,1,1
11,90,565,5,2,0,1,1
11,99,607,5,2,0,1,1
11,104,509,5,2,0,1,1
11,108,589,5,2,0,1,1
11,110,578,5,2,0,1,1
11,112,529,5,2,0,1,1
11,115,583,5,2,0,1,1
11,118,570,5,2,0,1,1
11,122,442,5,2,0,1,1
15,75,499,5,2,0,1,1
15,76,480,5,2,0,1,1
19,3,710,7,2,0,0,1
19,6,725,7,2,0,0,1
19,14,674,7,2,0,0,1
19,18,624,7,2,0,0,1
19,19,652,7,2,0,0,1
19,20,607,7,2,0,0,1
19,22,753,7,2,0,0,1
19,24,677,7,2,0,0,1
19,29,701,7,2,0,0,1
19,43,702,7,2,0,0,1
19,45,633,7,2,0,0,1
19,53,592,7,2,0,0,1
19,55,561,7,2,0,0,1
19,57,454,6,2,0,0,1
19,66,418,6,2,2,0,1
20,19,376,7,3,44,0,0
20,22,400,7,3,20,0,0
20,25,403,7,3,17,0,0
20,29,398,7,3,22,0,0
20,31,362,7,3,58,0,0
20,32,369,7,3,51,0,0
20,34,403,7,3,17,0,0
20,35,415,7,3,5,0,0
20,37,406,7,3,14,0,0
20,43,399,7,3,21,0,0
20,45,414,7,3,6,0,0
20,49,390,7,3,30,0,0
20,51,411,7,3,9,0,0
20,52,413,7,3,7,0,0
20,57,412,7,3,8,0,0
20,59,403,7,3,17,0,0
20,60,409,7,3,11,0,0
20,61,404,7,3,16,0,0
20,62,362,7,3,58,0,0
20,63,406,7,3,14,0,0
20,65,378,7,3,42,0,0
20,66,412,7,3,8,0,0
20,67,379,7,3,41,0,0
20,68,384,7,3,36,0,0
20,75,409,7,3,11,0,0
20,78,416,7,3,4,0,0
20,79,384,7,3,36,0,0
20,83,397,7,3,23,0,0
20,92,396,7,3,24,0,0
20,93,366,7,3,54,0,0
20,95,410,7,3,10,0,0
20,100,395,7,3,25,0,0
20,101,378,7,3,42,0,0
20,102,375,7,3,45,0,0
20,103,379,7,3,41,0,0
20,105,398,7,3,22,0,0
20,106,369,7,3,51,0,0
20,107,353,7,3,67,0,0
20,112,412,7,3,8,0,0
20,116,417,7,3,3,0,0
20,118,394,7,3,26,0,0
20,119,409,7,3,11,0,0
21,52,968,10,2,0,0,1
21,75,1057,10,2,0,0,1
21,77,998,10,2,0,0,1
21,85,1326,11,2,0,0,1
21,86,1103,11,2,0,0,1
21,93,1046,10,2,0,0,1
21,95,1165,11,2,0,0,1
21,96,1132,11,2,0,0,1
21,100,1032,10,2,0,0,1
21,101,1219,11,2,0,0,1
21,102,1284,12,2,0,0,1
21,106,1138,11,2,0,0,1
21,107,1286,11,2,0,0,1
21,108,1106,10,2,0,0,1
21,109,1220,11,2,0,0,1
21,110,977,10,2,0,0,1
21,111,1119,11,2,0,0,1
26,30,356,9,4,64,0,0
26,31,384,9,4,36,0,0
26,38,392,9,4,28,0,0
26,39,400,9,4,20,0,0
26,41,403,9,4,17,0,0
26,42,415,9,4,5,0,0
26,43,386,9,4,34,0,0
26,52,362,9,4,58,0,0
26,53,243,7,3,177,0,0
26,54,205,9,3,215,0,0
26,55,204,7,3,216,0,0
26,56,209,7,3,211,0,0
26,57,208,7,3,212,0,0
26,58,254,7,3,166,0,0
26,59,223,7,3,197,0,0
26,60,137,5,2,283,1,1
26,61,231,7,3,189,0,0
26,62,336,10,4,84,0,0
26,63,419,11,5,1,0,0
26,64,265,7,3,155,0,0
26,65,218,7,3,202,0,0
26,66,346,9,4,74,0,0
26,67,169,5,2,251,1,1
26,68,100,3,1,320,3,2
26,69,232,7,3,188,0,0
26,70,256,7,3,164,0,0
26,71,246,7,3,174,0,0
26,72,192,5,2,228,1,1
26,73,188,5,2,232,1,1
26,74,260,7,3,160,0,0
26,75,158,5,2,262,1,1
26,76,97,3,1,323,3,2
26,77,253,7,3,167,0,0
26,78,201,5,2,219,1,1
26,79,155,5,2,265,1,1
26,80,228,7,3,192,0,0
26,81,234,7,3,186,0,0
26,82,284,7,3,136,0,0
26,83,248,7,3,172,0,0
26,84,247,7,3,173,0,0
26,85,155,5,2,265,1,1
26,86,262,7,3,158,0,0
26,87,256,7,3,164,0,0
26,88,164,5,2,256,1,1
26,89,325,9,4,95,0,0
26,90,239,8,3,181,0,0
26,91,141,5,2,279,1,1
26,92,155,5,2,265,1,1
26,93,150,5,2,270,1,1
26,94,144,5,2,276,1,1
26,95,121,5,2,299,1,1
26,96,146,5,2,274,1,1
26,97,150,5,2,270,1,1
26,98,170,5,2,250,1,1
26,99,170,5,2,250,1,1
26,100,140,7,2,280,0,1
26,101,138,5,2,282,1,1
26,102,171,5,2,249,1,1
26,103,105,3,1,315,3,2
26,105,152,5,2,268,1,1
26,106,174,5,2,246,1,1
26,107,147,5,2,273,1,1
26,108,83,3,1,337,3,2
26,109,120,3,1,300,3,2
26,110,67,3,1,353,3,2
26,111,244,9,3,176,0,0
26,112,219,7,3,201,0,0
26,113,162,5,2,258,1,1
26,114,144,5,2,276,1,1
26,115,149,5,2,271,1,1
26,116,164,5,2,256,1,1
26,117,153,5,2,267,1,1
26,118,143,5,2,277,1,1
26,119,151,5,2,269,1,1
26,120,143,5,2,277,1,1
26,121,79,3,1,341,3,2
26,123,135,5,2,285,1,1
26,124,180,5,2,240,1,1
26,128,162,5,2,258,1,1
26,129,162,5,2,258,1,1
26,130,155,5,2,265,1,1
26,131,78,3,1,342,3,2
26,132,165,5,2,255,1,1
26,135,99,3,1,321,3,2
26,136,186,6,2,234,0,1
26,137,172,5,2,248,1,1
26,138,178,5,2,242,1,1
26,139,156,5,2,264,1,1
26,141,186,5,2,234,1,1
26,146,174,5,2,246,1,1
26,149,157,5,2,263,1,1
26,150,174,5,2,246,1,1
26,153,131,5,2,289,1,1
26,154,260,7,3,160,0,0
26,155,183,5,2,237,1,1
26,156,138,5,2,282,1,1
26,157,167,5,2,253,1,1
26,158,84,3,1,336,3,2
26,159,68,3,1,352,3,2
26,160,210,5,2,210,1,1
26,165,154,5,2,266,1,1
26,166,136,5,2,284,1,1
26,167,106,3,1,314,3,2
26,168,157,5,2,263,1,1
26,169,142,5,2,278,1,1
26,170,61,3,1,359,3,2
26,171,151,5,2,269,1,1
26,172,169,5,2,251,1,1
26,174,75,3,1,345,3,2
26,176,190,5,2,230,1,1
26,181,272,7,3,148,0,0
26,184,102,3,1,318,3,2
26,185,134,5,2,286,1,1
26,187,152,5,2,268,1,1
26,188,77,3,1,343,3,2
26,189,166,5,2,254,1,1
26,190,96,3,1,324,3,2
26,192,257,7,3,163,0,0
26,193,266,7,3,154,0,0
26,194,253,7,3,167,0,0
26,195,231,9,3,189,0,0
26,196,162,5,2,258,1,1
26,197,168,5,2,252,1,1
26,198,130,5,2,290,1,1
26,199,104,3,1,316,3,2
26,200,183,5,2,237,1,1
26,201,161,5,2,259,1,1
26,202,139,5,2,281,1,1
26,203,165,5,2,255,1,1
26,205,177,5,2,243,1,1
26,208,247,7,3,173,0,0
26,210,342,11,4,78,0,0
26,213,176,5,2,244,1,1
26,214,160,7,2,260,0,1
26,215,224,7,3,196,0,0
26,216,145,5,2,275,1,1
26,217,148,5,2,272,1,1
26,218,156,5,2,264,1,1
26,219,139,5,2,281,1,1
26,220,137,5,2,283,1,1
26,221,131,5,2,289,1,1
26,222,138,5,2,282,1,1
26,223,164,7,2,256,0,1
26,224,232,7,3,188,0,0
26,225,220,7,3,200,0,0
26,226,204,7,2,216,0,1
34,4,400,12,3,20,0,0
34,5,418,13,3,2,0,0
34,11,387,12,3,33,0,0
34,15,419,10,3,1,0,0
34,16,382,9,3,38,0,0
34,17,385,13,3,35,0,0
34,18,358,10,3,62,0,0
34,20,356,11,3,64,0,0
34,24,409,12,3,11,0,0
34,25,346,12,3,74,0,0
34,26,354,14,3,66,0,0
34,27,331,11,3,89,0,0
34,29,362,12,3,58,0,0
34,30,346,15,3,74,0,0
34,32,351,13,3,69,0,0
34,34,393,12,3,27,0,0
34,35,360,15,3,60,0,0
34,36,359,9,3,61,0,0
34,38,317,9,3,103,0,0
34,39,356,14,3,64,0,0
34,40,364,11,3,56,0,0
34,41,344,12,3,76,0,0
34,42,376,15,3,44,0,0
34,43,414,11,3,6,0,0
34,44,360,14,3,60,0,0
34,45,371,13,3,49,0,0
34,46,394,9,3,26,0,0
34,47,394,13,3,26,0,0
34,48,306,12,3,114,0,0
34,49,312,10,3,108,0,0
34,51,371,15,3,49,0,0
34,52,385,15,3,35,0,0
34,53,352,11,3,68,0,0
36,1,408,14,6,12,0,0
36,2,418,14,6,2,0,0
36,3,397,14,6,23,0,0
36,4,394,14,6,26,0,0
36,5,410,14,6,10,0,0
36,6,412,14,6,8,0,0
36,7,410,14,6,10,0,0
36,9,417,14,6,3,0,0
36,10,415,14,6,5,0,0
36,13,417,14,6,3,0,0
36,14,402,14,6,18,0,0
36,15,418,14,6,2,0,0
36,16,404,14,6,16,0,0
36,17,387,14,6,33,0,0
36,18,413,14,6,7,0,0
36,19,410,14,6,10,0,0
36,20,409,14,6,11,0,0
36,21,410,14,6,10,0,0
36,22,408,14,6,12,0,0
36,23,416,14,6,4,0,0
36,24,394,14,6,26,0,0
36,25,402,14,6,18,0,0
36,26,404,14,6,16,0,0
36,27,405,14,6,15,0,0
36,28,410,14,6,10,0,0
36,29,387,14,6,33,0,0
36,30,409,14,6,11,0,0
36,32,411,14,6,9,0,0
36,34,419,14,6,1,0,0
36,37,416,14,6,4,0,0
36,39,418,14,6,2,0,0
36,43,419,14,6,1,0,0
36,44,414,14,6,6,0,0
36,56,411,14,6,9,0,0
36,57,407,14,6,13,0,0
36,59,400,14,6,20,0,0
36,62,414,14,6,6,0,0
36,63,406,14,6,14,0,0
36,64,413,14,6,7,0,0
36,70,413,14,6,7,0,0
36,73,408,14,6,12,0,0
36,74,411,14,6,9,0,0
36,79,419,14,6,1,0,0
36,80,419,14,6,1,0,0
37,1,430,7,1,0,0,2
37,2,425,8,1,0,0,2
37,3,404,8,1,16,0,2
37,4,441,8,1,0,0,2
37,5,446,8,1,0,0,2
37,6,347,7,1,73,0,2
37,7,414,8,1,6,0,2
37,8,405,7,1,15,0,2
37,9,362,7,1,58,0,2
37,10,409,7,1,11,0,2
37,11,416,7,1,4,0,2
37,12,369,7,1,51,0,2
37,13,402,7,1,18,0,2
37,14,371,7,1,49,0,2
37,15,342,7,1,78,0,2
37,16,288,6,1,132,0,2
37,17,339,7,1,81,0,2
37,18,339,7,1,81,0,2
37,19,317,7,1,103,0,2
37,20,298,7,1,122,0,2
37,21,316,7,1,104,0,2
37,22,280,7,1,140,0,2
37,23,326,7,1,94,0,2
37,24,333,7,1,87,0,2
37,25,278,7,1,142,0,2
37,26,281,7,1,139,0,2
37,27,277,7,1,143,0,2
37,28,306,7,1,114,0,2
37,29,295,7,1,125,0,2
37,30,301,7,1,119,0,2
37,31,293,7,1,127,0,2
37,32,292,7,1,128,0,2
37,33,256,7,1,164,0,2
37,34,240,7,1,180,0,2
37,35,279,7,1,141,0,2
37,36,306,7,1,114,0,2
37,37,256,7,1,164,0,2
37,38,236,7,1,184,0,2
37,39,272,7,1,148,0,2
37,40,262,7,1,158,0,2
37,41,257,7,1,163,0,2
37,42,243,7,1,177,0,2
37,43,229,7,1,191,0,2
37,44,258,7,1,162,0,2
37,45,219,7,1,201,0,2
37,46,241,7,1,179,0,2
37,47,256,7,1,164,0,2
37,48,232,7,1,188,0,2
37,49,216,7,1,204,0,2
37,50,230,7,1,190,0,2
37,51,262,7,1,158,0,2
37,52,242,7,1,178,0,2
37,53,241,7,1,179,0,2
37,54,241,7,1,179,0,2
37,55,196,6,1,224,0,2
37,56,149,5,1,271,1,2
37,57,149,5,1,271,1,2
37,58,172,5,1,248,1,2
37,59,166,5,1,254,1,2
37,60,189,5,1,231,1,2
37,61,182,5,1,238,1,2
37,62,150,5,1,270,1,2
37,63,175,5,1,245,1,2
37,64,163,5,1,257,1,2
37,65,180,5,1,240,1,2
37,66,162,5,1,258,1,2
37,67,174,5,1,246,1,2
37,68,156,5,1,264,1,2
37,69,180,5,1,240,1,2
37,70,223,5,1,197,1,2
37,71,184,5,1,236,1,2
37,72,186,5,1,234,1,2
37,73,178,5,1,242,1,2
37,74,179,5,1,241,1,2
37,75,169,5,1,251,1,2
37,76,151,5,1,269,1,2
37,77,174,5,1,246,1,2
37,78,174,5,1,246,1,2
37,79,159,5,1,261,1,2
37,80,171,5,1,249,1,2
37,81,190,5,1,230,1,2
37,82,202,5,1,218,1,2
37,83,174,5,1,246,1,2
37,84,183,5,1,237,1,2
37,85,171,5,1,249,1,2
37,86,163,5,1,257,1,2
37,87,192,5,1,228,1,2
37,88,191,5,1,229,1,2
37,89,171,5,1,249,1,2
37,90,177,5,1,243,1,2
37,91,168,5,1,252,1,2
37,92,177,5,1,243,1,2
37,93,176,5,1,244,1,2
37,94,186,5,1,234,1,2
37,95,184,5,1,236,1,2
37,96,168,5,1,252,1,2
37,97,208,5,1,212,1,2
37,98,175,5,1,245,1,2
37,99,189,5,1,231,1,2
37,100,194,5,1,226,1,2
37,101,164,5,1,256,1,2
37,102,168,5,1,252,1,2
37,103,164,5,1,256,1,2
37,104,164,5,1,256,1,2
37,105,163,5,1,257,1,2
37,106,164,5,1,256,1,2
37,107,193,5,1,227,1,2
37,108,155,5,1,265,1,2
37,109,174,5,1,246,1,2
37,110,157,5,1,263,1,2
37,111,135,5,1,285,1,2
37,112,144,5,1,276,1,2
37,113,180,5,1,240,1,2
37,114,160,5,1,260,1,2
37,115,162,5,1,258,1,2
37,116,178,5,1,242,1,2
37,117,145,5,1,275,1,2
37,118,159,5,1,261,1,2
37,119,176,5,1,244,1,2
37,120,159,5,1,261,1,2
37,121,158,5,1,262,1,2
37,122,183,5,1,237,1,2
37,123,157,5,1,263,1,2
37,124,153,5,1,267,1,2
37,125,137,5,1,283,1,2
37,126,136,5,1,284,1,2
37,127,185,5,1,235,1,2
37,128,143,5,1,277,1,2
37,129,149,5,1,271,1,2
37,130,143,5,1,277,1,2
37,131,165,5,1,255,1,2
37,132,168,5,1,252,1,2
37,133,143,5,1,277,1,2
37,134,145,5,1,275,1,2
37,135,135,5,1,285,1,2
37,136,158,5,1,262,1,2
37,137,190,5,1,230,1,2
37,138,151,5,1,269,1,2
37,139,215,6,1,205,0,2
37,140,190,5,1,230,1,2
37,141,165,5,1,255,1,2
37,142,147,5,1,273,1,2
37,143,161,5,1,259,1,2
37,144,150,5,1,270,1,2
37,145,136,5,1,284,1,2
37,146,156,5,1,264,1,2
37,147,151,5,1,269,1,2
37,148,210,6,1,210,0,2
37,149,215,5,1,205,1,2
37,150,170,5,1,250,1,2
37,151,137,5,1,283,1,2
37,152,163,5,1,257,1,2
37,153,183,5,1,237,1,2
37,154,172,5,1,248,1,2
37,155,156,5,1,264,1,2
37,156,136,5,1,284,1,2
37,157,124,5,1,296,1,2
37,158,164,5,1,256,1,2
37,159,184,5,1,236,1,2
37,160,185,5,1,235,1,2
37,161,190,5,1,230,1,2
37,162,174,5,1,246,1,2
37,163,176,5,1,244,1,2
37,164,166,5,1,254,1,2
37,165,145,5,1,275,1,2
37,166,152,5,1,268,1,2
37,167,142,5,1,278,1,2
37,168,160,5,1,260,1,2
37,169,176,5,1,244,1,2
37,170,138,5,1,282,1,2
37,171,137,5,1,283,1,2
37,172,162,5,1,258,1,2
37,173,155,5,1,265,1,2
37,174,147,5,1,273,1,2
37,175,162,5,1,258,1,2
37,176,164,5,1,256,1,2
37,177,163,5,1,257,1,2
37,178,155,5,1,265,1,2
37,179,150,5,1,270,1,2
37,180,136,5,1,284,1,2
37,181,154,5,1,266,1,2
37,182,256,6,1,164,0,2
38,40,401,11,5,19,0,0
38,50,388,13,3,32,0,0
38,54,417,16,6,3,0,0
38,55,397,13,6,23,0,0
38,58,409,13,6,11,0,0
38,60,390,14,5,30,0,0
38,64,414,11,5,6,0,0
38,67,400,13,6,20,0,0
38,68,399,13,6,21,0,0
38,69,413,9,3,7,0,0
38,70,391,11,5,29,0,0
38,73,408,13,6,12,0,0
38,74,395,13,6,25,0,0
38,76,397,11,5,23,0,0
38,77,414,13,6,6,0,0
38,80,393,12,5,27,0,0
38,84,405,11,5,15,0,0
38,85,413,15,7,7,0,0
38,86,389,9,4,31,0,0
38,87,394,11,5,26,0,0
39,14,402,10,4,18,0,0
39,17,403,8,3,17,0,0
39,25,403,9,3,17,0,0
39,26,416,9,3,4,0,0
39,27,385,11,3,35,0,0
39,30,360,10,3,60,0,0
39,31,352,9,3,68,0,0
39,32,332,7,3,88,0,0
39,34,417,9,3,3,0,0
39,35,317,10,2,103,0,1
39,36,356,8,3,64,0,0
39,37,324,7,3,96,0,0
39,39,382,9,3,38,0,0
39,40,381,9,3,39,0,0
39,41,374,10,3,46,0,0
39,43,363,8,3,57,0,0
39,44,304,9,3,116,0,0
39,45,354,8,3,66,0,0
39,46,398,9,3,22,0,0
39,47,409,9,3,11,0,0
39,48,356,10,3,64,0,0
39,49,346,7,3,74,0,0
39,50,355,9,3,65,0,0
39,51,398,12,4,22,0,0
39,54,399,12,3,21,0,0
39,55,359,8,3,61,0,0
39,56,411,10,4,9,0,0
39,58,383,10,3,37,0,0
39,59,315,10,3,105,0,0
39,60,379,10,3,41,0,0
39,61,413,9,3,7,0,0
39,62,363,9,3,57,0,0
39,63,351,11,3,69,0,0
39,64,306,8,3,114,0,0
39,65,324,9,3,96,0,0
39,66,338,11,3,82,0,0
39,68,354,10,3,66,0,0
39,69,352,11,4,68,0,0
39,70,324,9,3,96,0,0
39,71,350,7,3,70,0,0
39,72,283,8,3,137,0,0
39,73,372,9,3,48,0,0
39,74,319,7,3,101,0,0
67,8,413,13,3,7,0,0
67,9,418,12,3,2,0,0
67,10,389,13,3,31,0,0
67,12,402,12,3,18,0,0
67,13,370,15,3,50,0,0
67,14,387,12,3,33,0,0
67,15,409,12,3,11,0,0
67,16,388,11,3,32,0,0
67,17,367,11,3,53,0,0
67,18,345,13,3,75,0,0
67,19,400,13,3,20,0,0
67,20,351,12,3,69,0,0
67,21,378,12,3,42,0,0
67,22,371,12,3,49,0,0
67,23,370,14,3,50,0,0
67,24,334,13,3,86,0,0
67,25,345,12,3,75,0,0
67,26,312,15,3,108,0,0
67,27,350,11,3,70,0,0
67,28,372,12,3,48,0,0
67,29,351,12,3,69,0,0
69,1,409,13,4,11,0,0
69,2,367,14,4,53,0,0
69,3,387,13,4,33,0,0
69,4,406,14,4,14,0,0
69,5,371,13,4,49,0,0
69,6,391,16,4,29,0,0
69,7,395,12,4,25,0,0
69,8,355,13,4,65,0,0
69,9,378,14,4,42,0,0
69,10,367,13,4,53,0,0
69,11,379,13,4,41,0,0
69,12,364,14,4,56,0,0
69,13,339,12,4,81,0,0
69,14,332,14,4,88,0,0
69,15,311,12,4,109,0,0
69,16,305,13,4,115,0,0
69,17,385,14,4,35,0,0
69,18,375,16,4,45,0,0
69,19,360,13,4,60,0,0
69,20,357,14,4,63,0,0
69,21,316,13,4,104,0,0
69,22,299,14,4,121,0,0
69,23,284,13,4,136,0,0
69,24,367,14,4,53,0,0
69,25,339,14,4,81,0,0
69,26,323,12,4,97,0,0
69,27,302,11,4,118,0,0
69,28,305,12,3,115,0,0
69,29,313,13,4,107,0,0
69,30,306,14,4,114,0,0
69,31,317,14,4,103,0,0
69,32,333,12,4,87,0,0
69,33,303,13,4,117,0,0
69,34,366,13,4,54,0,0
69,35,288,16,4,132,0,0
69,36,287,12,4,133,0,0
69,37,292,13,4,128,0,0
69,38,312,13,4,108,0,0
69,39,301,11,4,119,0,0
69,40,340,15,4,80,0,0
69,41,322,12,4,98,0,0
69,42,307,13,4,113,0,0
69,43,292,13,4,128,0,0
69,44,290,13,4,130,0,0
69,45,241,11,4,179,0,0
69,46,260,11,4,160,0,0
69,47,240,12,4,180,0,0
69,48,294,13,4,126,0,0
69,49,279,13,4,141,0,0
69,50,312,14,4,108,0,0
69,51,298,14,4,122,0,0
69,52,348,13,4,72,0,0
70,12,545,10,2,0,0,1
70,14,599,10,2,0,0,1
70,36,496,7,2,0,0,1
70,37,434,6,2,0,0,1
70,38,584,10,2,0,0,1
70,41,571,8,2,0,0,1
73,1,413,10,3,7,0,0
73,7,354,11,4,66,0,0
73,8,389,12,4,31,0,0
73,9,367,14,3,53,0,0
73,10,379,14,4,41,0,0
73,11,338,12,3,82,0,0
73,12,364,13,4,56,0,0
73,13,311,11,3,109,0,0
73,14,341,13,4,79,0,0
73,15,350,14,4,70,0,0
73,16,331,15,4,89,0,0
73,17,307,13,3,113,0,0
73,18,299,12,3,121,0,0
73,19,346,13,4,74,0,0
75,7,388,12,3,32,0,0
75,8,364,15,3,56,0,0
75,9,329,12,3,91,0,0
75,10,356,15,3,64,0,0
75,11,321,13,3,99,0,0
75,12,353,15,3,67,0,0
75,13,418,17,4,2,0,0
75,14,340,16,3,80,0,0
75,15,336,14,3,84,0,0
75,16,419,14,4,1,0,0
75,17,364,15,4,56,0,0
75,18,323,15,4,97,0,0
75,19,339,15,4,81,0,0
75,20,338,14,3,82,0,0
75,21,308,14,3,112,0,0
75,22,323,15,3,97,0,0
75,24,283,12,3,137,0,0
75,25,293,11,3,127,0,0
75,26,363,14,3,57,0,0
75,27,296,11,3,124,0,0
75,28,290,13,3,130,0,0
75,29,336,13,4,84,0,0
75,30,338,15,3,82,0,0
75,31,366,14,4,54,0,0
75,32,295,15,4,125,0,0
75,33,354,15,4,66,0,0
75,34,294,12,3,126,0,0
75,35,286,11,3,134,0,0
75,36,404,19,4,16,0,0
75,37,390,16,4,30,0,0
75,38,387,14,4,33,0,0
76,22,577,8,2,0,0,1
